Checking number of completed runs for each problem and acquisition type...
------------------------------------------------------------------------------------------------------------------------------------------------------------------------------------------------------------------------------------------------------------------------------------------------------------------------------------------------------------------------------------------------------------------------------------------------------------------------------------------------------------------------------------------------------------------------------
Problem                  |        PI        |      LogPI       |        EI        |      LogEI       |       UCB        |     PosMean      |      PosSTD      |        TS        |       qKG        |       qPES       |       qMES       |       qJES       |      lmabo       |    lmabo-ops     |    lmabo-ab1     |    lmabo-ab2     |    lmabo-ab3     |    lmabo-ab4     |     gphedge      |    no_past_bo    |     setup_bo     |       esp        |      llmgp       |      llambo      |bo_alternating_k1 |bo_alternating_k3 |bo_alternating_k5 |bo_explore_exploit|
------------------------------------------------------------------------------------------------------------------------------------------------------------------------------------------------------------------------------------------------------------------------------------------------------------------------------------------------------------------------------------------------------------------------------------------------------------------------------------------------------------------------------------------------------------------------------
hpt_breast_RandomForest  |        10        |        10        |        10        |        10        |        10        |        10        |        10        |        10        |        10        |        10        |        10        |        10        |        10        |        10        |        10        |        10        |        10        |        10        |        10        |        10        |        10        |        10        |        10        |        10        |        10        |        10        |        10        |        10        |
hpt_breast_DecisionTree  |        10        |        10        |        10        |        10        |        10        |        10        |        10        |        10        |        10        |        10        |        10        |        10        |        10        |        10        |        10        |        10        |        10        |        10        |        10        |        10        |        10        |        10        |        10        |        10        |        10        |        10        |        10        |        10        |
hpt_breast_SVM           |        10        |        10        |        10        |        10        |        10        |        10        |        10        |        10        |        10        |        10        |        10        |        10        |        10        |        10        |        10        |        10        |        10        |        10        |        10        |        10        |        10        |        10        |        10        |        10        |        10        |        10        |        10        |        10        |
hpt_breast_AdaBoost      |        10        |        10        |        10        |        10        |        10        |        10        |        10        |        10        |        10        |        10        |        10        |        10        |        10        |        10        |        10        |        10        |        10        |        10        |        10        |        10        |        10        |        10        |        10        |        10        |        10        |        10        |        10        |        10        |
hpt_breast_MLPSGD        |        10        |        10        |        10        |        10        |        10        |        10        |        10        |        10        |        10        |        10        |        10        |        10        |        10        |        10        |        10        |        10        |        10        |        10        |        10        |        10        |        10        |        10        |        10        |        10        |        10        |        10        |        10        |        10        |
hpt_digits_RandomForest  |        10        |        10        |        10        |        10        |        10        |        10        |        10        |        10        |        10        |        10        |        10        |        10        |        10        |        10        |        10        |        10        |        10        |        10        |        10        |        10        |        10        |        10        |        10        |        10        |        10        |        10        |        10        |        10        |
hpt_digits_DecisionTree  |        10        |        10        |        10        |        10        |        10        |        10        |        10        |        10        |        10        |        10        |        10        |        10        |        10        |        10        |        10        |        10        |        10        |        10        |        10        |        10        |        10        |        10        |        10        |        10        |        10        |        10        |        10        |        10        |
hpt_digits_SVM           |        10        |        10        |        10        |        10        |        10        |        10        |        10        |        10        |        10        |        10        |        10        |        10        |        10        |        10        |        10        |        10        |        10        |        10        |        10        |        10        |        10        |        10        |        10        |        10        |        10        |        10        |        10        |        10        |
hpt_digits_AdaBoost      |        10        |        10        |        10        |        10        |        10        |        10        |        10        |        10        |        10        |        10        |        10        |        10        |        10        |        10        |        10        |        10        |        10        |        10        |        10        |        10        |        10        |        10        |        10        |        10        |        10        |        10        |        10        |        10        |
hpt_digits_MLPSGD        |        10        |        10        |        10        |        10        |        10        |        10        |        10        |        10        |        10        |        10        |        10        |        10        |        10        |        10        |        10        |        10        |        10        |        10        |        10        |        10        |        10        |        10        |        10        |        10        |        10        |        10        |        10        |        10        |
hpt_wine_RandomForest    |        10        |        10        |        10        |        10        |        10        |        10        |        10        |        10        |        10        |        10        |        10        |        10        |        10        |        10        |        10        |        10        |        10        |        10        |        10        |        10        |        10        |        10        |        10        |        10        |        10        |        10        |        10        |        10        |
hpt_wine_DecisionTree    |        10        |        10        |        10        |        10        |        10        |        10        |        10        |        10        |        10        |        10        |        10        |        10        |        10        |        10        |        10        |        10        |        10        |        10        |        10        |        10        |        10        |        10        |        10        |        10        |        10        |        10        |        10        |        10        |
hpt_wine_SVM             |        10        |        10        |        10        |        10        |        10        |        10        |        10        |        10        |        10        |        10        |        10        |        10        |        10        |        10        |        10        |        10        |        10        |        10        |        10        |        10        |        10        |        10        |        10        |        10        |        10        |        10        |        10        |        10        |
hpt_wine_AdaBoost        |        10        |        10        |        10        |        10        |        10        |        10        |        10        |        10        |        10        |        10        |        10        |        10        |        10        |        10        |        10        |        10        |        10        |        10        |        10        |        10        |        10        |        10        |        10        |        10        |        10        |        10        |        10        |        10        |
hpt_wine_MLPSGD          |        10        |        10        |        10        |        10        |        10        |        10        |        10        |        10        |        10        |        10        |        10        |        10        |        10        |        10        |        10        |        10        |        10        |        10        |        10        |        10        |        10        |        10        |        10        |        10        |        10        |        10        |        10        |        10        |
hpt_diabetes_RandomForest|        10        |        10        |        10        |        10        |        10        |        10        |        10        |        10        |        10        |        10        |        10        |        10        |        10        |        10        |        10        |        10        |        10        |        10        |        10        |        10        |        10        |        10        |        10        |        10        |        10        |        10        |        10        |        10        |
hpt_diabetes_DecisionTree|        10        |        10        |        10        |        10        |        10        |        10        |        10        |        10        |        10        |        10        |        10        |        10        |        10        |        10        |        10        |        10        |        10        |        10        |        10        |        10        |        10        |        10        |        10        |        10        |        10        |        10        |        10        |        10        |
hpt_diabetes_SVM         |        10        |        10        |        10        |        10        |        10        |        10        |        10        |        10        |        10        |        10        |        10        |        10        |        10        |        10        |        10        |        10        |        10        |        10        |        10        |        10        |        10        |        10        |        10        |        10        |        10        |        10        |        10        |        10        |
hpt_diabetes_AdaBoost    |        10        |        10        |        10        |        10        |        10        |        10        |        10        |        10        |        10        |        10        |        10        |        10        |        10        |        10        |        10        |        10        |        10        |        10        |        10        |        10        |        10        |        10        |        10        |        10        |        10        |        10        |        10        |        10        |
hpt_diabetes_MLPSGD      |        10        |        10        |        10        |        10        |        10        |        10        |        10        |        10        |        10        |        10        |        10        |        10        |        10        |        10        |        10        |        10        |        10        |        10        |        10        |        10        |        10        |        10        |        10        |        10        |        10        |        10        |        10        |        10        |
------------------------------------------------------------------------------------------------------------------------------------------------------------------------------------------------------------------------------------------------------------------------------------------------------------------------------------------------------------------------------------------------------------------------------------------------------------------------------------------------------------------------------------------------------------------------------
Completed:  ['hpt_breast_RandomForest', 'hpt_breast_DecisionTree', 'hpt_breast_SVM', 'hpt_breast_AdaBoost', 'hpt_breast_MLPSGD', 'hpt_digits_RandomForest', 'hpt_digits_DecisionTree', 'hpt_digits_SVM', 'hpt_digits_AdaBoost', 'hpt_digits_MLPSGD', 'hpt_wine_RandomForest', 'hpt_wine_DecisionTree', 'hpt_wine_SVM', 'hpt_wine_AdaBoost', 'hpt_wine_MLPSGD', 'hpt_diabetes_RandomForest', 'hpt_diabetes_DecisionTree', 'hpt_diabetes_SVM', 'hpt_diabetes_AdaBoost', 'hpt_diabetes_MLPSGD']
Completed 20 problems out of 20
    method     mean      min       max     range  problem_rank
     lmabo 1.142651 1.000000  1.544638  0.544638          3.50
        EI 1.199555 1.000000  1.661010  0.661010          6.25
     LogEI 1.249164 1.003870  1.904275  0.900405          8.15
   gphedge 1.295280 1.000000  1.669642  0.669642          9.45
 lmabo-ops 1.301219 1.000000  1.937952  0.937952          9.85
       UCB 1.306575 1.000000  1.860843  0.860843         11.00
      qMES 1.317098 1.000000  2.064458  1.064458          9.95
 lmabo-ab1 1.329968 1.032793  1.758644  0.725851         10.35
  setup_bo 1.341207 1.000000  2.462022  1.462022         10.35
 lmabo-ab3 1.350276 1.074547  1.810786  0.736239         11.40
 lmabo-ab2 1.390033 1.093517  2.316888  1.223371         12.30
   PosMean 1.415605 1.000000  2.274190  1.274190         11.70
     LogPI 1.425296 1.030970  2.681197  1.650227         11.50
      qJES 1.438358 1.124332  1.734585  0.610254         13.75
        PI 1.443663 1.000000  2.670051  1.670051         12.05
no_past_bo 1.465971 1.000000  3.682431  2.682431         10.80
        TS 1.500205 1.000000  2.367482  1.367482         13.80
       qKG 1.521910 1.092764  2.646988  1.554224         14.05
       esp 1.534600 1.000000  2.356550  1.356550         15.00
 lmabo-ab4 1.619985 1.113536  2.227402  1.113866         17.05
    llambo 1.805379 1.000000  4.040844  3.040844         13.85
     llmgp 2.120463 1.247051  3.826909  2.579858         20.90
      qPES 2.250255 1.125083  3.972218  2.847135         21.30
    PosSTD 5.029678 1.011650 35.346599 34.334950         21.70
========================================================================================================================================================================================================
                problem     method    run_1    run_2    run_3    run_4    run_5    run_6    run_7    run_8    run_9    run_10       sum  relative_performance  problem_rank  rank
hpt_breast_RandomForest      lmabo 1.082418 0.861539 1.663736 0.924176 1.071429 0.821978 0.930769 0.789011 1.247253  1.071429 10.463738              1.000000           1.0   1.0
hpt_breast_RandomForest    PosMean 1.375824 0.913187 0.892308 1.117583 1.018681 1.117583 0.927473 0.721978 1.334066  1.595605 11.014287              1.052615           2.0   2.0
hpt_breast_RandomForest         PI 1.539561 1.026374 1.114286 1.186813 0.972528 1.013187 0.923077 0.793407 1.556044  1.114286 11.239562              1.074144           3.0   3.0
hpt_breast_RandomForest      LogEI 1.417583 1.496703 0.968132 1.160440 0.994506 1.556044 0.905495 0.552747 0.856044  1.372528 11.280221              1.078030           4.0   4.0
hpt_breast_RandomForest  lmabo-ab2 1.725275 0.950550 1.346154 0.849451 1.108791 1.008791 0.875824 1.036264 1.791209  0.907692 11.600001              1.108591           5.0   5.0
hpt_breast_RandomForest      LogPI 1.305495 0.941758 1.114286 1.041758 1.246154 1.246154 0.997802 1.109890 1.725275  1.303297 12.031870              1.149863           6.0   6.0
hpt_breast_RandomForest         EI 0.614286 1.032967 2.007692 1.170330 1.109890 2.129670 0.971429 0.793407 0.957143  1.580220 12.367034              1.181895           7.0   7.0
hpt_breast_RandomForest no_past_bo 1.349451 0.680220 1.681319 1.265934 1.189011 1.257143 0.939561 1.127473 1.472528  1.508791 12.471430              1.191871           8.0   8.0
hpt_breast_RandomForest         TS 2.428572 1.156044 1.397802 1.112088 1.097802 1.485714 0.935165 0.884616 1.090110  1.194506 12.782419              1.221592           9.0   9.0
hpt_breast_RandomForest     llambo 1.069231 2.368132 1.783516 1.494505 2.346154 0.676923 0.315385 0.527472 0.839560  1.447253 12.868131              1.229783          10.0  10.0
hpt_breast_RandomForest  lmabo-ab3 1.556044 0.984616 1.324176 1.245055 1.553846 1.723077 0.538462 0.894506 1.475824  1.596703 12.892309              1.232094          11.0  11.0
hpt_breast_RandomForest        qKG 2.024176 1.318681 1.110989 1.201099 1.134066 2.239561 0.645055 0.810989 1.361539  1.104396 12.950551              1.237660          12.0  12.0
hpt_breast_RandomForest    gphedge 1.448352 1.575824 1.553846 1.171429 1.084616 2.190110 0.909890 0.893407 1.357143  1.236264 13.420880              1.282609          13.0  13.0
hpt_breast_RandomForest   setup_bo 1.149451 1.941758 1.274725 1.524176 1.630769 1.016484 1.058242 1.037363 1.419780  2.517583 14.570331              1.392460          14.0  14.0
hpt_breast_RandomForest  lmabo-ops 1.569231 1.461539 2.085714 3.069231 1.446154 0.850550 1.017583 0.915385 1.153846  1.052747 14.621979              1.397395          15.0  15.0
hpt_breast_RandomForest       qMES 2.443956 1.731868 2.456044 1.778022 1.260440 0.824176 0.789011 0.707692 1.034066  1.612088 14.637364              1.398866          16.0  16.0
hpt_breast_RandomForest       qJES 1.669231 2.053846 1.172528 2.840659 1.302198 1.095605 1.142857 1.071429 1.114286  1.190110 14.652749              1.400336          17.0  17.0
hpt_breast_RandomForest  lmabo-ab4 1.479121 1.458242 1.137363 1.865934 1.919780 2.340659 1.175824 1.381319 1.056044  1.793407 15.607694              1.491598          18.0  18.0
hpt_breast_RandomForest        UCB 1.292308 2.008791 3.067033 2.490110 1.296703 1.776923 1.028572 1.010989 1.234066  1.287912 16.493408              1.576244          19.0  19.0
hpt_breast_RandomForest  lmabo-ab1 0.871429 1.380220 3.028572 1.251648 1.525275 3.053846 1.156044 0.931868 1.693407  2.524176 17.416485              1.664461          20.0  20.0
hpt_breast_RandomForest        esp 1.850550 1.115385 3.552747 2.429670 1.617583 1.486813 1.054945 1.167033 1.395605  2.876923 18.547254              1.772527          21.0  21.0
hpt_breast_RandomForest      llmgp 2.126374 2.158242 1.028572 2.241758 1.373627 2.349451 1.573627 2.050550 2.226374  2.152747 19.281320              1.842680          22.0  22.0
hpt_breast_RandomForest       qPES 2.424176 1.567033 4.105495 1.596703 3.151648 1.314286 0.927473 1.314286 1.906594  0.986813 19.294507              1.843940          23.0  23.0
hpt_breast_RandomForest     PosSTD 2.242857 1.059341 1.114286 1.265934 2.731868 1.246154 1.209890 2.197802 3.207692 15.824176 32.100001              3.067738          24.0  24.0
========================================================================================================================================================================================================
                problem     method    run_1    run_2    run_3    run_4    run_5    run_6    run_7    run_8    run_9   run_10       sum  relative_performance  problem_rank  rank
hpt_breast_DecisionTree     llambo 1.387912 0.908791 0.715385 1.056044 0.905494 1.250549 0.610989 0.682418 0.934066 1.142857  9.594505              1.000000           1.0   1.0
hpt_breast_DecisionTree      lmabo 1.102198 1.090110 1.070330 0.907692 1.489011 1.513187 0.928572 0.819780 1.197802 1.581319 11.700002              1.219448           2.0   2.0
hpt_breast_DecisionTree no_past_bo 1.562638 1.125275 1.145055 1.225275 0.980220 1.264835 1.213187 1.107692 1.339561 1.214286 12.178024              1.269271           3.0   3.0
hpt_breast_DecisionTree    gphedge 1.131868 1.002198 1.074725 1.168132 1.297802 1.689011 1.039561 1.298901 1.242857 1.447253 12.392310              1.291605           4.0   4.0
hpt_breast_DecisionTree        qKG 1.540660 1.169231 1.008791 1.291209 1.267033 1.535165 1.002198 1.115385 1.469231 1.405495 12.804398              1.334555           5.0   5.0
hpt_breast_DecisionTree         PI 1.540660 1.028572 1.301099 1.163736 1.579121 1.273627 1.002198 1.213187 1.563736 1.275824 12.941760              1.348872           6.0   6.0
hpt_breast_DecisionTree      LogEI 1.184616 1.428572 1.008791 1.221978 1.335165 1.616484 0.979121 0.954945 1.667033 1.587912 12.984617              1.353339           7.0   7.0
hpt_breast_DecisionTree   setup_bo 1.235165 1.428572 1.443956 1.165934 1.343956 1.207692 1.107692 1.294506 1.114286 1.669231 13.010991              1.356088           8.0   8.0
hpt_breast_DecisionTree    PosMean 1.312088 1.116484 1.065934 1.401099 1.401099 1.163736 1.380220 1.428572 1.203297 1.563736 13.036266              1.358722           9.0   9.0
hpt_breast_DecisionTree  lmabo-ab3 1.259341 1.151649 1.327473 1.625275 1.423077 1.368132 0.972528 1.248352 1.339561 1.420879 13.136266              1.369145          10.0  10.0
hpt_breast_DecisionTree         EI 1.540660 1.428572 1.156044 1.253846 1.445055 1.535165 1.428572 1.283517 1.112088 1.285714 13.469233              1.403849          11.0  11.0
hpt_breast_DecisionTree       qJES 1.138462 1.334066 1.386813 1.634066 1.539561 1.471429 1.248352 1.210989 1.521978 1.128572 13.614288              1.418967          12.0  12.0
hpt_breast_DecisionTree        UCB 1.125275 1.248352 1.256044 1.671429 1.640660 1.300000 1.428572 0.713187 1.647253 1.653846 13.684617              1.426297          13.0  13.0
hpt_breast_DecisionTree       qPES 1.683517 1.063736 1.468132 1.440660 1.634066 1.325275 1.186813 1.428572 1.216484 1.317583 13.764837              1.434658          14.0  14.0
hpt_breast_DecisionTree      LogPI 1.540660 1.428572 1.443956 1.150550 1.137363 1.220879 1.428572 1.428572 1.563736 1.587912 13.930771              1.451953          15.0  15.0
hpt_breast_DecisionTree  lmabo-ab2 1.540660 1.353846 1.536264 1.438462 1.376923 1.658242 1.428572 1.236264 1.327473 1.082418 13.979123              1.456993          16.0  16.0
hpt_breast_DecisionTree       qMES 1.189011 1.428572 1.608791 1.289011 1.337363 1.691209 1.265934 1.125275 1.364835 1.682418 13.982419              1.457336          17.0  17.0
hpt_breast_DecisionTree         TS 1.290110 1.178022 1.602198 1.497802 1.752747 1.291209 1.076923 1.360440 1.286813 1.719780 14.056046              1.465010          18.0  18.0
hpt_breast_DecisionTree  lmabo-ops 1.248352 1.230769 1.008791 1.739561 1.545055 1.785714 1.428572 1.428572 1.262638 1.498901 14.176925              1.477609          19.0  19.0
hpt_breast_DecisionTree  lmabo-ab1 1.024176 1.204396 1.342857 1.873627 1.623077 1.592308 1.428572 1.210989 1.880220 1.582418 14.762639              1.538656          20.0  20.0
hpt_breast_DecisionTree      llmgp 1.212088 1.794506 1.508791 1.672528 1.428572 0.989011 1.782418 1.152747 2.261539 1.363736 15.165936              1.580690          21.0  21.0
hpt_breast_DecisionTree  lmabo-ab4 2.536264 1.239561 1.065934 1.838462 1.648352 1.416484 1.079121 1.230769 1.662638 1.548352 15.265936              1.591112          22.0  22.0
hpt_breast_DecisionTree     PosSTD 5.532967 1.428572 1.096703 1.137363 1.354945 1.705495 1.428572 1.428572 1.563736 2.106594 18.783518              1.957737          23.0  23.0
hpt_breast_DecisionTree        esp 1.138462 1.283517 1.450550 1.691209 1.959341 1.603297 1.204396 1.072528 3.961539 3.908791 19.273628              2.008819          24.0  24.0
========================================================================================================================================================================================================
       problem     method    run_1    run_2    run_3    run_4    run_5    run_6    run_7    run_8    run_9   run_10      sum  relative_performance  problem_rank  rank
hpt_breast_SVM    PosMean 0.173626 0.106593 0.247253 0.147253 0.236264 0.252747 0.191209 0.024176 0.265934 0.179121 1.824176              1.000000           1.0   1.0
hpt_breast_SVM         PI 0.170330 0.223077 0.404396 0.042857 0.215385 0.261538 0.379121 0.267033 0.273626 0.148352 2.385714              1.307831           2.0   2.0
hpt_breast_SVM    gphedge 0.338462 0.184615 0.275824 0.102198 0.184615 0.229670 0.356044 0.231868 0.247253 0.283516 2.434066              1.334337           3.0   3.0
hpt_breast_SVM      lmabo 0.360440 0.249451 0.308791 0.132967 0.162637 0.387912 0.209890 0.174725 0.257143 0.228571 2.472527              1.355422           4.0   4.0
hpt_breast_SVM         TS 0.279121 0.131868 0.292308 0.300000 0.264835 0.143956 0.471429 0.186813 0.167033 0.303297 2.540659              1.392771           5.0   5.0
hpt_breast_SVM      LogPI 0.259341 0.275824 0.256044 0.029670 0.289011 0.205495 0.360440 0.337363 0.403297 0.210989 2.627473              1.440361           6.0   6.0
hpt_breast_SVM   setup_bo 0.252747 0.239560 0.339560 0.242857 0.236264 0.257143 0.468132 0.185714 0.181319 0.283516 2.686813              1.472892           7.0   7.0
hpt_breast_SVM no_past_bo 0.352747 0.275824 0.257143 0.414286 0.260440 0.190110 0.295604 0.158242 0.192308 0.361538 2.758242              1.512048           8.0   8.0
hpt_breast_SVM         EI 0.363736 0.289011 0.121978 0.272527 0.141758 0.254945 0.560440 0.228571 0.320879 0.208791 2.762637              1.514458           9.0   9.0
hpt_breast_SVM  lmabo-ab1 0.349451 0.229670 0.271429 0.189011 0.258242 0.325275 0.534066 0.205495 0.259341 0.297802 2.919780              1.600602          10.0  10.0
hpt_breast_SVM       qJES 0.334066 0.223077 0.275824 0.361538 0.402198 0.259341 0.328571 0.220879 0.280220 0.419780 3.105495              1.702410          11.0  11.0
hpt_breast_SVM  lmabo-ab3 0.276923 0.236264 0.284615 0.360440 0.295604 0.401099 0.443956 0.430769 0.187912 0.196703 3.114286              1.707229          12.0  12.0
hpt_breast_SVM        esp 0.374725 0.260440 0.248352 0.246154 0.242857 0.382418 0.390110 0.327473 0.245055 0.445055 3.162637              1.733735          13.0  13.0
hpt_breast_SVM  lmabo-ab2 0.328571 0.267033 0.375824 0.340659 0.372527 0.159341 0.458242 0.225275 0.347253 0.291209 3.165934              1.735542          14.0  14.0
hpt_breast_SVM      LogEI 0.351648 0.272527 0.458242 0.238462 0.391209 0.341758 0.346154 0.220879 0.252747 0.313187 3.186813              1.746988          15.0  15.0
hpt_breast_SVM        UCB 0.578022 0.309890 0.264835 0.307692 0.378022 0.157143 0.426374 0.283516 0.252747 0.436264 3.394505              1.860843          16.0  16.0
hpt_breast_SVM  lmabo-ops 0.353846 0.435165 0.258242 0.410989 0.384615 0.315385 0.395604 0.246154 0.328571 0.406593 3.535165              1.937952          17.0  17.0
hpt_breast_SVM  lmabo-ab4 0.483516 0.451648 0.532967 0.504396 0.340659 0.232967 0.569231 0.209890 0.279121 0.142857 3.747253              2.054217          18.0  18.0
hpt_breast_SVM       qMES 0.401099 0.236264 0.549451 0.295604 0.532967 0.569231 0.226374 0.394505 0.327473 0.232967 3.765934              2.064458          19.0  19.0
hpt_breast_SVM     llambo 0.469231 0.290110 0.348351 0.381319 0.713187 0.237362 0.342857 0.367033 0.329670 0.305494 3.784614              2.074698          20.0  20.0
hpt_breast_SVM     PosSTD 0.879121 0.340659 0.446154 0.549451 0.082418 0.736264 0.669231 0.151648 0.618681 0.243956 4.717582              2.586145          21.0  21.0
hpt_breast_SVM        qKG 0.309890 0.549451 0.380220 0.340659 0.489011 0.559341 0.569231 0.630769 0.567033 0.432967 4.828571              2.646988          22.0  22.0
hpt_breast_SVM       qPES 0.579121 0.532967 0.549451 0.451648 0.730769 0.724176 0.572527 0.689011 0.557143 0.730769 6.117582              3.353614          23.0  23.0
hpt_breast_SVM      llmgp 0.762637 0.667033 0.734066 0.471429 0.682418 0.687912 0.672527 0.372527 0.664835 0.710989 6.426374              3.522892          24.0  24.0
========================================================================================================================================================================================================
            problem     method    run_1    run_2    run_3    run_4    run_5    run_6    run_7    run_8    run_9   run_10       sum  relative_performance  problem_rank  rank
hpt_breast_AdaBoost      lmabo 0.418681 0.332967 0.632967 0.641758 0.490110 0.532967 0.609890 0.628571 0.719780 0.756044  5.763736              1.000000           1.0   1.0
hpt_breast_AdaBoost  lmabo-ab1 0.561538 0.463736 0.695604 0.749451 0.643956 0.384615 0.749451 0.625275 0.332967 0.746154  5.952747              1.032793           2.0   2.0
hpt_breast_AdaBoost         EI 0.564835 0.571429 0.806593 0.859341 0.562637 0.382418 0.673626 0.516484 0.375824 0.693407  6.006593              1.042135           3.0   3.0
hpt_breast_AdaBoost    gphedge 0.472527 0.658242 0.932967 0.640659 0.515385 0.583516 0.612088 0.410989 0.484615 0.695604  6.006593              1.042135           4.0   4.0
hpt_breast_AdaBoost       qMES 0.805495 0.462637 0.825275 0.523077 0.373626 0.482418 0.841758 0.487912 0.615385 0.613187  6.030769              1.046330           5.0   5.0
hpt_breast_AdaBoost         PI 0.647253 0.431868 0.989011 1.051648 0.473626 0.367033 0.424176 0.558242 0.372527 0.872527  6.187912              1.073594           6.0   6.0
hpt_breast_AdaBoost  lmabo-ab3 0.665934 0.591209 0.673626 0.670330 0.652747 0.546154 0.694505 0.540659 0.375824 0.782418  6.193407              1.074547           7.0   7.0
hpt_breast_AdaBoost   setup_bo 0.718681 0.291209 0.896703 0.703297 0.541758 0.482418 0.712088 0.627473 0.534066 0.819780  6.327473              1.097807           8.0   8.0
hpt_breast_AdaBoost      LogEI 0.515385 0.508791 0.825275 0.729670 0.508791 0.373626 0.641758 0.628571 0.756044 0.861538  6.349451              1.101621           9.0   9.0
hpt_breast_AdaBoost      LogPI 0.561538 0.391209 0.918681 1.515385 0.437363 0.195604 0.424176 0.761538 0.431868 1.001099  6.638462              1.151764          10.0  10.0
hpt_breast_AdaBoost  lmabo-ab2 0.559341 0.557143 1.032967 0.447253 0.680220 0.650549 0.852747 0.700000 0.484615 0.843956  6.808791              1.181316          11.0  11.0
hpt_breast_AdaBoost no_past_bo 0.754945 0.403297 0.695604 1.013187 0.478022 0.583516 0.697802 0.510989 0.510989 1.250549  6.898901              1.196949          12.0  12.0
hpt_breast_AdaBoost  lmabo-ops 0.619780 0.504396 0.892308 0.709890 0.500000 0.832967 0.831868 0.767033 0.593407 1.069231  7.320879              1.270162          13.0  13.0
hpt_breast_AdaBoost         TS 1.162637 0.370330 0.653846 0.636264 0.721978 0.463736 0.707692 0.978022 0.925275 0.716484  7.336264              1.272831          14.0  14.0
hpt_breast_AdaBoost        esp 0.654945 0.535165 0.919780 0.836264 0.447253 0.509890 0.789011 0.629670 0.948352 1.128571  7.398901              1.283699          15.0  15.0
hpt_breast_AdaBoost    PosMean 0.776923 0.454945 0.716484 0.732967 0.442857 0.472527 0.574725 0.914286 0.630769 1.700000  7.416484              1.286749          16.0  16.0
hpt_breast_AdaBoost  lmabo-ab4 1.447253 0.141758 1.498901 0.642857 0.606593 0.689011 0.496703 0.450549 0.939560 0.663736  7.576923              1.314585          17.0  17.0
hpt_breast_AdaBoost        UCB 0.717582 0.432967 0.894505 0.774725 0.769231 0.935165 0.814286 0.581319 0.832967 1.064835  7.817582              1.356339          18.0  18.0
hpt_breast_AdaBoost       qJES 1.473626 0.439560 0.894505 0.736264 0.527473 0.436264 0.828571 0.869231 0.689011 1.376923  8.271429              1.435081          19.0  19.0
hpt_breast_AdaBoost        qKG 0.601099 0.247253 1.247253 0.852747 0.650549 0.691209 0.660440 0.748352 0.723077 1.941758  8.363736              1.451096          20.0  20.0
hpt_breast_AdaBoost      llmgp 0.896703 0.849451 1.071429 1.473626 0.769231 0.947253 0.772527 1.056044 1.148352 1.062637 10.047253              1.743184          21.0  21.0
hpt_breast_AdaBoost       qPES 1.648352 0.560440 0.959341 1.085714 0.769231 1.423077 1.061538 1.002198 1.223077 1.390110 11.123077              1.929838          22.0  22.0
hpt_breast_AdaBoost     llambo 1.219780 1.014286 0.989011 1.104395 0.989011 1.100000 0.769231 2.443956 2.692308 0.770330 13.092307              2.271496          23.0  23.0
hpt_breast_AdaBoost     PosSTD 0.878022 0.769231 1.026374 1.561538 0.769231 2.747253 1.923077 1.538462 1.234066 3.019780 15.467033              2.683508          24.0  24.0
========================================================================================================================================================================================================
          problem     method    run_1    run_2     run_3    run_4    run_5    run_6    run_7    run_8    run_9   run_10       sum  relative_performance  problem_rank  rank
hpt_breast_MLPSGD      lmabo 1.120879 1.913187  2.089011 1.352747 2.791209 1.667033 0.960440 0.693407 1.582418 1.158242 15.328571              1.000000           1.0   1.0
hpt_breast_MLPSGD         PI 1.260440 1.486813  2.264835 1.281319 2.285714 2.278022 0.872527 1.774725 1.229670 0.978022 15.712088              1.025020           2.0   2.0
hpt_breast_MLPSGD      LogPI 1.150549 1.923077  1.605495 1.227473 2.704396 2.221978 0.989011 1.426374 1.334066 1.220879 15.803297              1.030970           3.0   3.0
hpt_breast_MLPSGD no_past_bo 1.318681 1.475824  1.796703 1.296703 2.435165 2.114286 0.925275 1.116484 1.484615 1.920879 15.884615              1.036275           4.0   4.0
hpt_breast_MLPSGD    PosMean 1.318681 1.739560  1.805495 1.001099 1.741758 3.818681 0.989011 1.149451 1.234066 1.417582 16.215385              1.057854           5.0   5.0
hpt_breast_MLPSGD         EI 1.318681 1.660440  3.021978 1.002198 2.526374 2.094505 0.989011 1.925275 0.658242 1.586813 16.783516              1.094917           6.0   6.0
hpt_breast_MLPSGD      LogEI 1.038462 1.803297  2.565934 0.907692 2.998901 3.431868 0.885714 1.974725 1.042857 0.936264 17.585714              1.147251           7.0   7.0
hpt_breast_MLPSGD     llambo 1.318681 2.302197  1.910989 1.447252 2.641758 2.037362 0.989011 1.890110 1.584615 1.535165 17.657140              1.151910           8.0   8.0
hpt_breast_MLPSGD  lmabo-ab1 1.316484 1.568132  2.343956 1.225275 2.093407 2.794505 0.989011 2.591209 1.445055 1.406593 17.773626              1.159510           9.0   9.0
hpt_breast_MLPSGD  lmabo-ops 1.318681 2.161538  2.524176 1.400000 2.049451 3.442857 0.989011 1.501099 0.951648 1.682418 18.020879              1.175640          10.0  10.0
hpt_breast_MLPSGD     PosSTD 1.051648 1.364835  3.491209 2.098901 2.700000 2.503297 0.989011 1.982418 1.758242 1.597802 19.537363              1.274572          11.0  11.0
hpt_breast_MLPSGD   setup_bo 1.318681 1.683516  2.823077 1.068132 2.087912 5.736264 0.943956 1.141758 1.513187 1.767033 20.083516              1.310201          12.0  12.0
hpt_breast_MLPSGD       qMES 1.318681 2.303297  2.810989 0.798901 3.674725 3.012088 0.989011 3.261538 1.212088 0.792308 20.173626              1.316080          13.0  13.0
hpt_breast_MLPSGD        UCB 1.318681 2.340659  2.780220 1.278022 2.613187 3.383516 0.989011 1.237363 1.556044 2.796703 20.293407              1.323894          14.0  14.0
hpt_breast_MLPSGD    gphedge 1.058242 2.865934  2.135165 1.223077 1.984615 4.318681 0.938462 3.578022 1.715385 0.967033 20.784615              1.355939          15.0  15.0
hpt_breast_MLPSGD        esp 0.890110 1.818681  2.935165 1.082418 5.473626 3.408791 0.989011 1.601099 1.451648 1.442857 21.093407              1.376084          16.0  16.0
hpt_breast_MLPSGD  lmabo-ab2 1.237363 1.924176  3.302198 1.391209 3.613187 3.480220 0.989011 2.469231 1.237363 1.506593 21.150549              1.379812          17.0  17.0
hpt_breast_MLPSGD  lmabo-ab3 1.318681 2.919780  2.537363 0.617582 2.080220 5.080220 0.989011 3.025275 1.601099 1.569231 21.738462              1.418166          18.0  18.0
hpt_breast_MLPSGD       qJES 1.123077 3.059341  2.229670 1.239560 3.446154 4.490110 0.989011 2.531868 1.593407 2.779121 23.481319              1.531866          19.0  19.0
hpt_breast_MLPSGD  lmabo-ab4 1.318681 4.874725  2.797802 1.465934 4.462637 4.217582 0.890110 3.785714 1.708791 1.687912 27.209890              1.775109          20.0  20.0
hpt_breast_MLPSGD        qKG 1.016484 1.407692  6.468132 1.760440 5.697802 5.349451 0.989011 2.875824 1.213187 2.035165 28.813187              1.879705          21.0  21.0
hpt_breast_MLPSGD       qPES 1.183516 3.805495  1.775824 2.227473 7.403297 6.615385 0.989011 2.429670 1.471429 2.717582 30.618681              1.997491          22.0  22.0
hpt_breast_MLPSGD         TS 1.272527 3.605495 10.121978 0.675824 8.135165 4.519780 0.989011 2.498901 1.347253 3.124176 36.290110              2.367482          23.0  23.0
hpt_breast_MLPSGD      llmgp 2.324176 5.056044  7.274725 3.694505 3.180220 3.317582 5.717582 2.396703 2.568132 7.918681 43.448352              2.834468          24.0  24.0
========================================================================================================================================================================================================
                problem     method     run_1     run_2     run_3     run_4     run_5     run_6     run_7     run_8     run_9    run_10        sum  relative_performance  problem_rank  rank
hpt_digits_RandomForest     llambo 20.323445 14.822530 14.501326 12.689643 12.102097  6.577404  3.629749  8.841211  7.013234  4.336402 104.837041              1.000000           1.0   1.0
hpt_digits_RandomForest      lmabo  9.704403  4.302548 11.196776  4.651060 23.946164 19.331957  9.459342 13.021075 16.185932 11.998092 123.797348              1.180855           2.0   2.0
hpt_digits_RandomForest         EI 11.302273  1.865102 21.212594  8.029303 19.369235 19.724511  9.551325 20.779375 18.831140  3.732523 134.397382              1.281965           3.0   3.0
hpt_digits_RandomForest  lmabo-ab1  5.478698  3.711952 21.199391  5.244261 29.537617 21.544457  7.709630 17.570081 17.929842  7.049396 136.975325              1.306555           4.0   4.0
hpt_digits_RandomForest  lmabo-ab3  4.213478  3.709721 21.938667 10.323652 21.105128 15.529706 12.118611 28.069161 11.359759 10.376599 138.744483              1.323430           5.0   5.0
hpt_digits_RandomForest         TS  9.213752  6.932434 10.788013 14.069317 18.747315 17.390313 13.467410 19.993322 23.473921  8.063049 142.138847              1.355807           6.0   6.0
hpt_digits_RandomForest no_past_bo 11.471168  2.517141 26.083668  9.925700 18.036130 18.766067 15.020502 15.392972 17.178778 11.457853 145.849981              1.391207           7.0   7.0
hpt_digits_RandomForest  lmabo-ops 11.832762  5.067267 23.994676  7.160934 19.459748 25.065866 11.759982 13.049322 18.028626 16.772448 152.191632              1.451697           8.0   8.0
hpt_digits_RandomForest       qJES  7.908526  5.144142 13.548194 12.301747 29.323379 30.992840  8.676748 27.729980 10.882837  6.158984 152.667377              1.456235           9.0   9.0
hpt_digits_RandomForest    gphedge  6.970562  2.858048 18.132150  6.172741 18.903317 21.337886 10.986025 30.021306 32.576586  9.778000 157.736623              1.504589          10.0  10.0
hpt_digits_RandomForest        qKG  7.543660  3.065663 29.530401  8.521218 26.784524 16.260751 17.886076 23.001980 17.628315 12.592020 162.814608              1.553026          11.0  11.0
hpt_digits_RandomForest        UCB  4.530479  3.571300 18.536128  5.043484 32.865384 21.270122 13.533821 36.062888 17.507606 13.339719 166.260932              1.585899          12.0  12.0
hpt_digits_RandomForest      LogEI  7.588779  2.186873 18.724541  7.181796 40.675329 24.939299 14.527083 36.413764  7.608198  8.528901 168.374563              1.606060          13.0  13.0
hpt_digits_RandomForest      LogPI  5.835757  1.803914 38.897838  6.916192 20.384646 18.607764 14.464898 19.493728 28.294989 16.529612 171.229337              1.633290          14.0  14.0
hpt_digits_RandomForest         PI  5.139300  1.254174 24.986539 11.292694 37.894924 11.898612 17.203764 16.200598 40.675329  5.992351 172.538285              1.645776          15.0  15.0
hpt_digits_RandomForest       qMES  5.283344  1.888370 36.087087  4.618237 31.919838 23.798606 18.875456 16.209873 21.853711 13.971039 174.505562              1.664541          16.0  16.0
hpt_digits_RandomForest   setup_bo  6.968961  3.148581 40.675329 12.739022 33.239460 28.160298  9.406752 23.971681 18.100465  8.886660 185.297209              1.767478          17.0  17.0
hpt_digits_RandomForest  lmabo-ab2  8.280935  2.269002 30.697093  5.733306 34.266892 30.855605 14.502168 40.675329 10.622115 13.449338 191.351782              1.825231          18.0  18.0
hpt_digits_RandomForest    PosMean 14.135970  1.514347 30.543283 10.701220 31.756440 20.683414  5.527241 28.300606 31.839078 18.005915 193.007513              1.841024          19.0  19.0
hpt_digits_RandomForest  lmabo-ab4 33.026068  2.405603 25.957161  4.874462 18.119026 40.675329  7.060897 26.272596 18.469813 19.446137 196.307092              1.872497          20.0  20.0
hpt_digits_RandomForest        esp  6.734105  5.211003 24.765204 16.257004 36.823657 39.236219  9.053580 20.426622 37.695101  4.510048 200.712544              1.914519          21.0  21.0
hpt_digits_RandomForest      llmgp 23.255789 23.255789 23.255789 23.255789 23.255789 23.255789 23.255789 23.255789 23.255789 23.255789 232.557891              2.218280          22.0  22.0
hpt_digits_RandomForest       qPES 34.974533 26.454365 37.072941 31.582874 40.675329 26.881577 26.727547 30.149145 31.997594 22.759486 309.275390              2.950058          23.0  23.0
hpt_digits_RandomForest     PosSTD 40.675329 17.402849 32.461443 40.675329 40.197280 28.547866 40.675329 33.229076 29.782323 40.675329 344.322153              3.284356          24.0  24.0
========================================================================================================================================================================================================
                problem     method     run_1     run_2     run_3     run_4     run_5     run_6     run_7     run_8     run_9    run_10        sum  relative_performance  problem_rank  rank
hpt_digits_DecisionTree     llambo 12.548439  7.808788 11.011875 19.823793  6.153890  0.942600  2.167329  2.158874 10.767024  7.689370  81.071983              1.000000           1.0   1.0
hpt_digits_DecisionTree        UCB  4.224696  5.141097 10.545670  7.705086 13.567174  7.772521 11.098024 15.697569 10.019638 13.951494  99.722970              1.230055           2.0   2.0
hpt_digits_DecisionTree      lmabo 14.704606  3.479146  6.969284 10.571195 15.739547 21.306695  6.233689 29.205206 10.692472  6.325004 125.226844              1.544638           3.0   3.0
hpt_digits_DecisionTree    gphedge  5.567970  2.558480 23.890527  9.805323 23.443637  6.608356 13.268011 10.607167 16.587120 18.340860 130.677451              1.611869           4.0   4.0
hpt_digits_DecisionTree no_past_bo 13.653060  2.605470 10.404376 15.789232 19.044109 19.709126 19.279507 11.205908 11.291312  9.891755 132.873854              1.638961           5.0   5.0
hpt_digits_DecisionTree       qJES 19.908495  8.341590 14.807633  7.110176 14.469907 10.332345  9.214611  9.975728 26.348675 13.201889 133.711049              1.649288           6.0   6.0
hpt_digits_DecisionTree         EI  3.204887  3.902737 12.795847  4.699944 28.360830 13.261203  7.787191 29.318435  6.679766 24.650541 134.661381              1.661010           7.0   7.0
hpt_digits_DecisionTree  lmabo-ab1 11.412736  2.242753 14.578861  9.388302 32.703539 20.406314 13.636882 13.834653 11.126383 13.246373 142.576795              1.758644           8.0   8.0
hpt_digits_DecisionTree  lmabo-ops 11.701397  3.915056 29.601896  3.215623 16.176172 10.723650 19.404640 27.725316 11.410803  9.780704 143.655257              1.771947           9.0   9.0
hpt_digits_DecisionTree  lmabo-ab3 11.248519  4.378084 14.505488 15.727121 28.686086 10.749191 19.069327 16.707369 20.806457  4.926402 146.804043              1.810786          10.0  10.0
hpt_digits_DecisionTree       qMES  9.125157  4.299783 21.946414  8.281203 28.912282  8.673995 12.490221 26.868890 11.048448 17.893679 149.540072              1.844535          11.0  11.0
hpt_digits_DecisionTree      LogEI  5.158093  4.822133 22.026066  8.745285 24.753540 10.541529 21.330672 12.811076 16.710314 27.484622 154.383328              1.904275          12.0  12.0
hpt_digits_DecisionTree        qKG 19.753470  3.416534 15.750535  7.686037 31.216588 12.528437 17.449504 10.003244 17.476625 20.425777 155.706750              1.920599          13.0  13.0
hpt_digits_DecisionTree      LogPI 26.733683  2.173450 32.345087  7.651487 13.005892 26.395808 20.345158  9.481609 13.102631  6.683216 157.918022              1.947874          14.0  14.0
hpt_digits_DecisionTree         TS 26.826432 12.589997 16.054165 14.535970  7.922631 28.535443 13.298797 20.034527  9.006158 13.118572 161.922694              1.997271          15.0  15.0
hpt_digits_DecisionTree  lmabo-ab4  7.142372 20.826118 27.006540 12.804548 27.354934 11.388532 14.601839 14.695826 18.817958 25.941258 180.579924              2.227402          16.0  16.0
hpt_digits_DecisionTree    PosMean  5.597216  3.090602 27.676371 12.963280 30.927962 17.155990 19.427336 19.586865 20.817729 27.129768 184.373119              2.274190          17.0  17.0
hpt_digits_DecisionTree  lmabo-ab2  4.810921  4.788491 13.532892 18.527231 26.880957 28.629803 15.724423 28.275368 29.141999 17.522611 187.834696              2.316888          18.0  18.0
hpt_digits_DecisionTree        esp 27.438827  3.241719 24.215296  2.532647 21.981358 16.208862 18.366152 23.987538 31.136147 21.941670 191.050217              2.356550          19.0  19.0
hpt_digits_DecisionTree   setup_bo  8.048699  6.569313 19.814248 11.450451 33.095259 26.681130 12.348733 26.720732 28.219184 26.653221 199.600970              2.462022          20.0  20.0
hpt_digits_DecisionTree         PI 26.675899  2.311860 28.049938 15.046273 23.291427 30.684112 20.646112 31.497528 20.475655 17.787539 216.466342              2.670051          21.0  21.0
hpt_digits_DecisionTree       qPES 32.969707 31.872840 29.872451 32.191370 17.172058 32.632065 30.650207 30.650496 30.658234 28.416759 297.086187              3.664474          22.0  22.0
hpt_digits_DecisionTree      llmgp 31.165656 31.047190 30.919323 30.869212 31.153419 31.165656 30.794069 30.955403 31.019527 31.165656 310.255113              3.826909          23.0  23.0
hpt_digits_DecisionTree     PosSTD 35.594875 35.594875 33.804141 35.594875 31.132440 35.594875 31.517682 31.659477 30.769019 35.594875 336.857134              4.155038          24.0  24.0
========================================================================================================================================================================================================
       problem     method    run_1    run_2    run_3    run_4    run_5    run_6    run_7    run_8        run_9   run_10      sum  relative_performance  problem_rank  rank
hpt_digits_SVM        esp 0.039017 0.048745 0.008348 0.051562 0.034843 0.035539 0.040411 0.034843 4.979196e-02 0.046672 0.389773              1.000000           1.0   1.0
hpt_digits_SVM         EI 0.039719 0.052252 0.042146 0.043202 0.034843 0.035190 0.019157 0.005227 7.315868e-02 0.046689 0.391582              1.004644           2.0   2.0
hpt_digits_SVM       qMES 0.036235 0.066857 0.040755 0.039718 0.004530 0.037630 0.041103 0.034843 3.936319e-02 0.055041 0.396073              1.016165           3.0   3.0
hpt_digits_SVM      lmabo 0.041790 0.040054 0.040755 0.040415 0.034843 0.039713 0.038669 0.034843 4.354680e-02 0.054352 0.408980              1.049278           4.0   4.0
hpt_digits_SVM  lmabo-ops 0.036235 0.056428 0.040755 0.039718 0.034738 0.045293 0.036927 0.034843 3.936561e-02 0.045285 0.409586              1.050833           5.0   5.0
hpt_digits_SVM no_past_bo 0.026125 0.073160 0.042840 0.054352 0.034843 0.035539 0.045991 0.011498 4.842726e-02 0.045987 0.418763              1.074377           6.0   6.0
hpt_digits_SVM  lmabo-ab2 0.048756 0.069634 0.042146 0.046686 0.034843 0.035539 0.038315 0.034843 4.285477e-02 0.037627 0.431246              1.106403           7.0   7.0
hpt_digits_SVM  lmabo-ab4 0.062662 0.048765 0.040755 0.036930 0.034843 0.046686 0.041103 0.034843 3.797672e-02 0.049462 0.434026              1.113536           8.0   8.0
hpt_digits_SVM  lmabo-ab1 0.043203 0.064101 0.044926 0.045293 0.034843 0.043187 0.041790 0.034843 4.494052e-02 0.040412 0.437539              1.122550           9.0   9.0
hpt_digits_SVM       qJES 0.046678 0.052936 0.042143 0.048777 0.013589 0.042505 0.039017 0.034843 4.423882e-02 0.073506 0.438234              1.124332          10.0  10.0
hpt_digits_SVM       qPES 0.068264 0.057091 0.054687 0.039016 0.034843 0.019855 0.035538 0.034843 4.423882e-02 0.050151 0.438526              1.125083          11.0  11.0
hpt_digits_SVM  lmabo-ab3 0.043181 0.066849 0.040755 0.044596 0.034843 0.035539 0.038325 0.034843 4.912171e-02 0.054352 0.442405              1.135034          12.0  12.0
hpt_digits_SVM   setup_bo 0.042497 0.054345 0.040755 0.045293 0.034843 0.053621 0.043184 0.034843 6.862664e-02 0.031004 0.449011              1.151982          13.0  13.0
hpt_digits_SVM      LogEI 0.045983 0.093998 0.040755 0.041111 0.014983 0.036930 0.039714 0.034843 5.783251e-02 0.046689 0.452839              1.161803          14.0  14.0
hpt_digits_SVM    gphedge 0.044585 0.050853 0.040755 0.050171 0.034843 0.039720 0.044592 0.034843 5.539107e-02 0.059232 0.454985              1.167309          15.0  15.0
hpt_digits_SVM         TS 0.036814 0.047366 0.040755 0.069661 0.034843 0.043892 0.037623 0.034843 4.215307e-02 0.070728 0.458679              1.176785          16.0  16.0
hpt_digits_SVM        qKG 0.055742 0.048068 0.056054 0.048080 0.034843 0.046684 0.044597 0.034843 3.658299e-02 0.055051 0.460545              1.181575          17.0  17.0
hpt_digits_SVM     llambo 0.042159 0.040406 0.043543 0.038314 0.057112 0.064101 0.044250 0.043191 4.910731e-02 0.040766 0.462949              1.187742          18.0  18.0
hpt_digits_SVM        UCB 0.043898 0.082860 0.040755 0.040415 0.034779 0.045985 0.041103 0.016376 4.666333e-02 0.070370 0.463203              1.188394          19.0  19.0
hpt_digits_SVM    PosMean 0.044587 0.054345 0.040755 0.070728 0.034843 0.035539 0.070032 0.034843 3.867117e-02 0.070034 0.494377              1.268374          20.0  20.0
hpt_digits_SVM         PI 0.037628 0.065494 0.043542 0.070728 0.034843 0.046669 0.070032 0.034843 4.491391e-02 0.070728 0.519423              1.332631          21.0  21.0
hpt_digits_SVM      llmgp 0.070728 0.034843 0.070728 0.070724 0.069565 0.071424 0.034843 0.072119 4.799754e-08 0.070724 0.565700              1.451361          22.0  22.0
hpt_digits_SVM      LogPI 0.038323 0.075943 0.040755 0.070728 0.034843 0.074200 0.072109 0.034843 7.384103e-02 0.070728 0.586312              1.504242          23.0  23.0
hpt_digits_SVM     PosSTD 0.074786 0.110551 0.046317 0.082477 0.034843 0.043880 0.070724 0.034843 7.315868e-02 0.070728 0.642308              1.647906          24.0  24.0
========================================================================================================================================================================================================
            problem     method     run_1    run_2    run_3     run_4    run_5     run_6     run_7    run_8    run_9    run_10        sum  relative_performance  problem_rank  rank
hpt_digits_AdaBoost       qMES  2.119568 2.018002 2.044377  4.008264 1.295958  1.590492  3.623330 0.641567 1.741836  3.214445  22.297840              1.000000           1.0   1.0
hpt_digits_AdaBoost      lmabo  2.878471 1.565537 2.669428  1.389528 0.858269  1.726899  4.118844 2.374972 2.901741  2.630669  23.114358              1.036619           2.0   2.0
hpt_digits_AdaBoost   setup_bo  1.695144 1.541865 1.553692  5.662171 1.373240  1.436297  3.105683 1.809457 2.544400  3.287704  24.009653              1.076770           3.0   3.0
hpt_digits_AdaBoost         EI  1.451440 1.439576 3.057832  5.126714 1.055673  1.348427  3.262871 1.523373 2.302506  3.493492  24.061905              1.079114           4.0   4.0
hpt_digits_AdaBoost        UCB  2.023467 1.422827 1.848986  2.806555 1.812040  1.614782  5.290643 1.193180 2.267331  3.809837  24.089649              1.080358           5.0   5.0
hpt_digits_AdaBoost no_past_bo  1.872605 0.896456 1.826797  4.864254 0.720877  2.386398  2.604919 3.488788 1.339990  4.759269  24.760353              1.110437           6.0   6.0
hpt_digits_AdaBoost  lmabo-ab1  2.184339 1.452680 2.256565  2.662929 1.421143  1.923395  4.560821 1.337632 4.251037  3.398020  25.448559              1.141302           7.0   7.0
hpt_digits_AdaBoost      LogEI  1.857211 1.297744 2.632143  5.249293 1.323451  1.638474  3.608572 1.758327 1.906585  4.178593  25.450393              1.141384           8.0   8.0
hpt_digits_AdaBoost    gphedge  1.634617 1.519519 2.108055  2.068915 1.623520  1.669136  4.324809 1.860048 3.472500  5.555854  25.836974              1.158721           9.0   9.0
hpt_digits_AdaBoost  lmabo-ab3  2.181669 1.403419 2.148846  5.439453 0.925479  1.630205  4.844217 0.738255 1.770847  4.867049  25.949437              1.163765          10.0  10.0
hpt_digits_AdaBoost        esp  2.414487 1.090684 2.391120  3.991206 1.043886  1.699406  3.775440 2.507149 3.013492  4.028078  25.954947              1.164012          11.0  11.0
hpt_digits_AdaBoost  lmabo-ops  1.805984 1.434537 2.557219  4.729828 1.650681  1.861514  5.394992 2.021243 1.993177  4.353002  27.802178              1.246855          12.0  12.0
hpt_digits_AdaBoost         TS  3.191551 1.368830 4.570132  3.269494 1.823894  2.004309  3.863775 3.149425 2.396894  3.004380  28.642684              1.284550          13.0  13.0
hpt_digits_AdaBoost      llmgp  2.816009 3.242215 3.033913  3.223508 2.448082  3.657791  2.760418 2.388023 2.931064  2.656058  29.157080              1.307619          14.0  14.0
hpt_digits_AdaBoost       qJES  2.955455 1.270721 2.399074  4.491450 1.697879  3.166565  4.795525 3.215117 2.087971  3.095243  29.175000              1.308423          15.0  15.0
hpt_digits_AdaBoost  lmabo-ab2  1.888596 1.678205 4.687585  2.375126 1.222830  1.541094  4.250016 1.362598 1.914017  8.853725  29.773791              1.335277          16.0  16.0
hpt_digits_AdaBoost      LogPI  2.009483 0.848053 5.435764  4.018983 1.021539  1.169262  3.517584 2.537489 2.326034  7.198516  30.082707              1.349131          17.0  17.0
hpt_digits_AdaBoost  lmabo-ab4  3.742357 1.684311 2.536282  3.762005 1.321692  1.829138  6.028153 1.149279 4.142269  4.303136  30.498622              1.367784          18.0  18.0
hpt_digits_AdaBoost         PI  1.290722 1.458828 2.407663 10.052427 1.346906  1.448732  2.954136 2.197744 2.451249  5.852671  31.461078              1.410947          19.0  19.0
hpt_digits_AdaBoost        qKG  3.466177 1.510192 3.660212  3.784880 1.723795  1.084282  2.376815 4.098467 3.351868  7.092227  32.148914              1.441795          20.0  20.0
hpt_digits_AdaBoost       qPES  4.072000 2.018002 3.174342  3.180070 3.305023  6.797574  2.925265 8.313938 5.490223  4.170532  43.446971              1.948483          21.0  21.0
hpt_digits_AdaBoost    PosMean  1.961164 1.293373 2.794682  9.677772 1.486457  1.002314  4.275377 3.588174 3.055419 16.218933  45.353665              2.033994          22.0  22.0
hpt_digits_AdaBoost     llambo  7.985977 8.161815 9.103040 10.330845 8.688830  9.449422  8.179473 9.891426 9.960729  8.350528  90.102085              4.040844          23.0  23.0
hpt_digits_AdaBoost     PosSTD 20.565960 2.018002 5.034821 22.703540 3.226463 24.712067 24.983183 8.132322 7.842053 18.928087 138.146499              6.195510          24.0  24.0
========================================================================================================================================================================================================
          problem     method    run_1    run_2    run_3    run_4     run_5     run_6     run_7    run_8    run_9   run_10       sum  relative_performance  problem_rank  rank
hpt_digits_MLPSGD         PI 1.425938 0.746414 0.651691 1.218669  1.290715  1.531966  1.113178 0.702319 0.705249 1.022030 10.408169              1.000000           1.0   1.0
hpt_digits_MLPSGD    PosMean 1.536533 1.004213 0.859087 1.128914  1.347899  1.982605  0.951408 0.538451 0.908448 1.089729 11.347286              1.090229           2.0   2.0
hpt_digits_MLPSGD      lmabo 1.603000 0.826719 0.855622 1.217504  1.249389  1.414074  1.291627 0.833222 0.984865 1.523720 11.799742              1.133700           3.0   3.0
hpt_digits_MLPSGD         EI 1.824811 0.722335 0.724585 1.098974  1.358538  1.869056  1.310910 0.814937 0.789084 1.496164 12.009393              1.153843           4.0   4.0
hpt_digits_MLPSGD   setup_bo 0.795628 1.056458 0.977779 1.179833  1.050663  2.023489  2.283846 0.833563 0.888721 1.619844 12.709824              1.221139           5.0   5.0
hpt_digits_MLPSGD      llmgp 0.934137 1.099373 1.120981 1.286573  1.312810  1.962172  1.133878 1.234831 1.758076 1.136692 12.979522              1.247051           6.0   6.0
hpt_digits_MLPSGD      LogPI 1.350598 1.061572 1.012709 1.025540  1.174747  1.266292  1.259536 0.440359 0.796139 3.605502 12.992994              1.248346           7.0   7.0
hpt_digits_MLPSGD      LogEI 1.683019 0.627255 1.460494 1.048032  1.394597  1.564951  1.324719 0.957298 1.303298 2.103944 13.467607              1.293946           8.0   8.0
hpt_digits_MLPSGD    gphedge 1.523738 0.881792 1.206141 0.991600  2.725998  2.056125  1.364190 0.908090 0.858321 1.144813 13.660810              1.312508           9.0   9.0
hpt_digits_MLPSGD        qKG 1.204478 0.826856 1.302252 1.286354  1.576048  1.351891  3.109139 0.959533 0.987634 1.301780 13.905964              1.336063          10.0  10.0
hpt_digits_MLPSGD no_past_bo 1.128730 0.980164 1.486839 1.914407  1.213084  1.692436  1.224221 0.416505 0.895977 3.054245 14.006608              1.345732          11.0  11.0
hpt_digits_MLPSGD       qMES 1.513580 1.152034 1.619714 1.251562  1.627714  2.225950  1.296794 0.821433 0.786075 2.049345 14.344201              1.378168          12.0  12.0
hpt_digits_MLPSGD  lmabo-ops 1.449646 0.743598 1.368041 1.183910  1.083112  2.132027  2.188407 1.083020 1.035838 2.134716 14.402314              1.383751          13.0  13.0
hpt_digits_MLPSGD  lmabo-ab4 2.070732 1.057785 1.351033 1.053865  1.427196  1.825811  1.207716 1.198889 1.032283 2.288300 14.513611              1.394444          14.0  14.0
hpt_digits_MLPSGD  lmabo-ab3 1.987645 1.104665 1.887902 1.020132  1.779571  1.683246  1.962888 1.180305 1.108528 1.199537 14.914419              1.432953          15.0  15.0
hpt_digits_MLPSGD  lmabo-ab2 1.834511 1.384187 1.173866 0.733166  1.518877  1.604302  1.299667 0.852398 1.318110 3.475624 15.194709              1.459883          16.0  16.0
hpt_digits_MLPSGD        UCB 1.317117 1.003559 1.142315 1.126862  1.396259  2.461287  2.372066 1.034307 2.693098 1.747878 16.294748              1.565573          17.0  17.0
hpt_digits_MLPSGD  lmabo-ab1 3.406695 1.241667 0.895156 1.304712  2.130147  1.245711  2.181440 1.000501 1.297632 1.640664 16.344325              1.570336          18.0  18.0
hpt_digits_MLPSGD         TS 1.895132 0.936070 1.701165 1.607853  1.754727  2.159827  2.087950 1.641886 0.948349 1.750350 16.483308              1.583690          19.0  19.0
hpt_digits_MLPSGD       qJES 1.868264 0.821742 1.360028 1.882546  2.021949  3.107457  1.683078 1.573778 0.671419 2.217122 17.207382              1.653257          20.0  20.0
hpt_digits_MLPSGD        esp 3.792858 0.966865 1.019775 1.366887  2.590578  2.047664  3.230737 0.993383 1.617418 1.151685 18.777850              1.804145          21.0  21.0
hpt_digits_MLPSGD       qPES 1.585344 1.459924 2.037006 2.708060  2.534876  2.745370  1.650749 1.554126 2.627410 1.204343 20.107208              1.931868          22.0  22.0
hpt_digits_MLPSGD     llambo 3.635516 1.770577 2.063852 3.182014  3.976059  8.877263  3.767367 1.645569 4.704900 4.804591 38.427707              3.692072          23.0  23.0
hpt_digits_MLPSGD     PosSTD 3.816945 1.854687 2.809794 4.455678 31.618812 13.162631 16.864814 2.695934 9.188480 7.402751 93.870525              9.018928          24.0  24.0
========================================================================================================================================================================================================
              problem     method     run_1    run_2     run_3    run_4     run_5    run_6    run_7    run_8    run_9    run_10       sum  relative_performance  problem_rank  rank
hpt_wine_RandomForest no_past_bo  2.714778 2.245074  1.460099 1.442857  3.068227 2.225123 2.089286 1.846675 1.610837  1.852463 20.555419              1.000000           1.0   1.0
hpt_wine_RandomForest      lmabo  2.324507 0.925862  2.876601 2.266502  2.030049 3.200739 2.118473 1.988547 1.360837  2.393350 21.485468              1.045246           2.0   2.0
hpt_wine_RandomForest         EI  2.596921 1.843350  2.067980 2.143103  1.863300 3.836576 1.997537 1.535591 0.743842  3.153079 21.781281              1.059637           3.0   3.0
hpt_wine_RandomForest      LogEI  2.258374 1.868227  2.540394 2.213300  1.478571 2.764532 2.022414 1.811946 1.905419  3.224015 22.087192              1.074519           4.0   4.0
hpt_wine_RandomForest    PosMean  2.910099 1.777217  2.310837 1.607143  2.365640 3.415764 2.325862 2.167611 0.902217  2.560961 22.343350              1.086981           5.0   5.0
hpt_wine_RandomForest      LogPI  3.026724 2.541010  2.878818 1.288670  1.315025 2.922783 2.014655 1.892365 2.109483  2.455788 22.445320              1.091942           6.0   6.0
hpt_wine_RandomForest         PI  1.805665 2.114901  3.621798 2.443842  1.932143 3.531034 1.687808 1.563793 1.926847  2.007020 22.634852              1.101162           7.0   7.0
hpt_wine_RandomForest   setup_bo  2.665025 1.923892  1.175369 2.330665  3.563670 3.455542 1.325000 2.109483 1.800739  2.967611 23.316995              1.134348           8.0   8.0
hpt_wine_RandomForest  lmabo-ab2  2.812808 1.869089  2.025123 3.433867  1.986823 2.210837 2.551970 2.162808 0.809975  3.651970 23.515271              1.143994           9.0   9.0
hpt_wine_RandomForest        qKG  2.633374 2.057882  1.694458 2.279187  2.658005 3.572537 2.751478 1.809852 2.610714  2.124877 24.192365              1.176934          10.0  10.0
hpt_wine_RandomForest    gphedge  2.197660 2.271675  2.397783 2.901847  3.267980 3.593842 2.258990 1.228695 2.024384  2.416749 24.559606              1.194800          11.0  11.0
hpt_wine_RandomForest  lmabo-ab1  2.940887 2.288054  3.180172 3.210837  2.180911 2.745320 2.523399 2.082759 2.759852  1.801478 25.713670              1.250944          12.0  12.0
hpt_wine_RandomForest       qMES  3.330542 1.595074  3.308251 3.253818  3.245443 1.226724 2.411823 2.788547 1.150739  4.310222 26.621182              1.295093          13.0  13.0
hpt_wine_RandomForest         TS  3.340394 2.180049  3.300739 2.192857  3.643103 2.860099 2.705665 2.328818 2.075246  2.785591 27.412562              1.333593          14.0  14.0
hpt_wine_RandomForest  lmabo-ops  3.212685 2.134606  1.811823 2.599384  3.063054 4.107635 2.323153 1.481404 2.519951  5.030049 28.283744              1.375975          15.0  15.0
hpt_wine_RandomForest        UCB  2.765887 3.468103  2.396429 3.470690  4.283867 3.078571 1.763670 2.270320 1.607635  3.657635 28.762808              1.399281          16.0  16.0
hpt_wine_RandomForest  lmabo-ab3  3.166626 1.726108  2.031527 4.874261  1.850985 5.981404 2.263670 2.036330 1.910345  3.829064 29.670320              1.443431          17.0  17.0
hpt_wine_RandomForest       qPES  3.385099 3.402094  3.110591 3.265887  3.034483 5.439532 2.836330 2.760345 3.093966  3.962315 34.290640              1.668204          18.0  18.0
hpt_wine_RandomForest       qJES  3.742980 2.497906  5.123522 4.143842  4.635837 4.206281 1.846182 2.521305 1.006527  4.567734 34.292118              1.668276          19.0  19.0
hpt_wine_RandomForest        esp  2.113793 2.259606  2.790394 3.756897  3.679064 4.766010 3.177340 3.273276 3.647537  5.364039 34.827956              1.694344          20.0  20.0
hpt_wine_RandomForest  lmabo-ab4  8.046675 2.174138  7.144951 2.987315  2.469212 2.715887 2.406773 3.372291 3.115764  3.182512 37.615517              1.829956          21.0  21.0
hpt_wine_RandomForest     llambo  1.163547 3.471798  5.487686 3.633744  5.957636 5.870691 2.398399 1.557020 4.365272  3.859853 37.765646              1.837260          22.0  22.0
hpt_wine_RandomForest      llmgp  4.839039 3.762685  3.195074 4.688670  4.898522 4.551355 4.455172 5.253818 5.508498  5.397537 46.550369              2.264628          23.0  23.0
hpt_wine_RandomForest     PosSTD 16.047291 2.271429 11.862562 2.073522 13.497906 4.650246 2.826355 2.142611 5.105419 29.938424 90.415764              4.398634          24.0  24.0
========================================================================================================================================================================================================
              problem     method     run_1    run_2     run_3     run_4     run_5     run_6    run_7     run_8     run_9   run_10        sum  relative_performance  problem_rank  rank
hpt_wine_DecisionTree      lmabo  3.458867 2.729310  2.757143  4.064039  2.053202  3.164532 2.424507  2.013424  2.324015 2.545320  27.534360              1.000000           1.0   1.0
hpt_wine_DecisionTree  lmabo-ops  2.053202 3.143596  2.423768  3.177956  3.174877  2.990394 1.749507  2.132389  4.465517 2.325369  27.636576              1.003712           2.0   2.0
hpt_wine_DecisionTree        UCB  2.992611 3.169951  2.138177  3.793596  3.135714  1.431773 1.192365  2.060714  2.913547 5.842857  28.671305              1.041292           3.0   3.0
hpt_wine_DecisionTree        qKG  3.647291 2.068350  2.560591  4.414532  2.348768  2.768473 1.325000  2.174754  3.331034 5.449754  30.088547              1.092764           4.0   4.0
hpt_wine_DecisionTree       qJES  2.966995 2.816626  4.099015  2.291010  2.512438  2.013547 2.199507  5.949015  3.738177 3.529433  32.115764              1.166389           5.0   5.0
hpt_wine_DecisionTree  lmabo-ab2  4.454433 5.271921  1.835961  5.451355  1.688916  3.612562 2.789532  2.785837  1.842365 2.588177  32.321059              1.173845           6.0   6.0
hpt_wine_DecisionTree       qMES  3.564286 4.058621  4.402217  2.606897  2.597044  5.321675 2.263054  2.737315  2.047167 3.191626  32.789901              1.190872           7.0   7.0
hpt_wine_DecisionTree      LogEI  2.123645 2.179187  5.812192  2.740394  2.053202  4.616995 1.903079  4.762315  2.588177 4.421429  33.200616              1.205789           8.0   8.0
hpt_wine_DecisionTree         EI  1.518473 1.512192  6.701478  2.107143  3.427833  2.123645 2.241995  6.461700  3.343596 4.188670  33.626724              1.221264           9.0   9.0
hpt_wine_DecisionTree    PosMean  2.369951 3.260714  2.604433  5.061330  2.053202  3.094089 1.876970  6.014163  4.122167 4.954926  35.411946              1.286100          10.0  10.0
hpt_wine_DecisionTree   setup_bo  4.434975 2.813793  2.715640  3.511330  2.639286  4.158374 2.059483  6.403079  2.565640 4.778571  36.080172              1.310369          11.0  11.0
hpt_wine_DecisionTree    gphedge  3.290764 3.249138  4.650000  3.885222  2.261330  5.333251 1.669828  5.002956  2.046429 5.579310  36.968227              1.342622          12.0  12.0
hpt_wine_DecisionTree        esp  4.449754 2.588177  4.926108  2.323645  2.376847  1.539778 2.241995  6.766010  6.119458 3.661330  36.993103              1.343525          13.0  13.0
hpt_wine_DecisionTree         PI  2.460837 4.451355  4.750000  5.552586  2.045690  5.366749 1.876970  4.081281  4.926478 2.826108  38.338054              1.392371          14.0  14.0
hpt_wine_DecisionTree  lmabo-ab1  3.817734 3.564286  2.956897  2.718473  2.883744 10.399507 2.241995  2.762931  3.058005 4.640640  39.044212              1.418018          15.0  15.0
hpt_wine_DecisionTree         TS  3.515025 4.334483  3.054433  4.379433  4.136453  5.745567 2.424507  2.174754  7.289409 3.687192  40.741256              1.479651          16.0  16.0
hpt_wine_DecisionTree     llambo  5.299138 1.388916  5.629556  3.007389  6.753448  7.543104 3.399877  2.178202  2.606650 5.194334  43.000613              1.561707          17.0  17.0
hpt_wine_DecisionTree no_past_bo  5.230049 2.413054  4.953448  5.602586  2.588177  5.632635 2.241995  6.224507  4.205296 5.560591  44.652340              1.621695          18.0  18.0
hpt_wine_DecisionTree  lmabo-ab3  4.724754 3.317857  2.614039  5.074384  2.123645  5.210468 1.686453  7.698892 11.340640 3.485591  47.276724              1.717008          19.0  19.0
hpt_wine_DecisionTree      LogPI  2.432266 3.946182  5.052463  6.301970  2.588177 12.446921 1.876970  4.555665  2.883744 5.271921  47.356281              1.719898          20.0  20.0
hpt_wine_DecisionTree       qPES  2.053202 3.592118  2.641379  8.721921 11.785099  4.400246 5.104187  4.739163  3.123153 5.629557  51.790025              1.880924          21.0  21.0
hpt_wine_DecisionTree      llmgp  9.048522 5.896552  2.032266 10.065271  6.662562  2.356897 3.474877  4.083990  4.965271 4.895074  53.481281              1.942347          22.0  22.0
hpt_wine_DecisionTree  lmabo-ab4  7.616749 6.455665  8.681034  2.574877  2.440764  3.794828 2.424507  6.297414  8.113916 5.229557  53.629310              1.947723          23.0  23.0
hpt_wine_DecisionTree     PosSTD 28.534483 6.972537 20.091379  4.479433 22.267734 21.696921 9.170567 14.753695  9.493966 4.965394 142.426108              5.172668          24.0  24.0
========================================================================================================================================================================================================
     problem     method    run_1    run_2    run_3    run_4    run_5    run_6    run_7    run_8    run_9   run_10       sum  relative_performance  problem_rank  rank
hpt_wine_SVM  lmabo-ops 1.387438 0.924138 0.779310 0.559606 0.823522 0.768966 1.070936 0.372906 0.496675 0.677094  7.860591              1.000000           1.0   1.0
hpt_wine_SVM      LogEI 0.832020 0.972537 0.794458 0.493227 0.654310 1.000000 0.971675 0.726478 0.716010 0.730296  7.891010              1.003870           2.0   2.0
hpt_wine_SVM no_past_bo 0.763054 0.845074 0.610961 0.532266 1.011084 0.983374 0.895320 0.726478 0.737192 0.819335  7.924138              1.008084           3.0   3.0
hpt_wine_SVM         EI 0.759852 1.098768 0.840517 0.753695 0.826970 0.887931 1.129310 0.684483 0.175493 0.789778  7.946798              1.010967           4.0   4.0
hpt_wine_SVM      LogPI 0.896675 0.778079 0.862685 0.812438 0.737438 1.045197 1.051108 0.714778 0.716010 0.776478  8.390887              1.067463           5.0   5.0
hpt_wine_SVM        UCB 1.182020 0.825000 0.669089 0.859113 0.834113 0.828695 1.068227 0.720690 0.581158 0.838793  8.406897              1.069499           6.0   6.0
hpt_wine_SVM      lmabo 0.611330 0.797167 0.878202 0.954680 0.947783 0.940640 1.188177 0.722414 0.679433 0.731527  8.451355              1.075155           7.0   7.0
hpt_wine_SVM  lmabo-ab2 0.544335 0.761946 0.905419 1.373645 0.791995 0.908744 1.526355 0.394335 0.619581 0.769335  8.595690              1.093517           8.0   8.0
hpt_wine_SVM   setup_bo 0.764039 0.921921 0.576232 1.063300 0.788793 1.109236 1.044089 0.726478 0.756034 0.856650  8.606773              1.094927           9.0   9.0
hpt_wine_SVM  lmabo-ab3 0.866010 0.993350 0.881404 1.029064 0.720567 1.025616 1.099138 0.726478 0.794212 0.825246  8.961084              1.140001          10.0  10.0
hpt_wine_SVM  lmabo-ab1 0.937192 0.910345 0.806281 0.799384 0.885468 1.185222 1.216010 0.722167 0.710961 0.790271  8.963300              1.140283          11.0  11.0
hpt_wine_SVM       qMES 1.331527 0.864532 0.755296 0.849631 0.862808 0.951232 1.547291 0.726478 0.475739 0.755049  9.119581              1.160165          12.0  12.0
hpt_wine_SVM     llambo 1.023276 0.942612 0.943227 0.960961 0.997414 0.720444 0.866380 0.730048 1.073400 0.909114  9.166877              1.166182          13.0  13.0
hpt_wine_SVM        esp 0.746059 1.365887 0.874754 0.786700 0.916379 1.207143 0.964409 0.883990 0.807882 0.747660  9.300862              1.183227          14.0  14.0
hpt_wine_SVM    gphedge 1.122167 1.253571 0.857266 1.035591 0.737438 1.107020 1.159852 0.726478 0.744581 0.805049  9.549015              1.214796          15.0  15.0
hpt_wine_SVM       qJES 0.841379 1.595074 0.642488 1.364039 0.793719 0.918719 1.533744 0.563793 0.454803 1.004926  9.712685              1.235618          16.0  16.0
hpt_wine_SVM        qKG 1.538300 1.686084 0.974754 1.289655 1.214901 0.960961 0.947044 0.430049 0.469089 0.603941 10.114778              1.286771          17.0  17.0
hpt_wine_SVM         TS 1.131650 1.155542 1.060714 1.179433 1.001601 0.793473 1.606527 0.728325 0.481897 0.992980 10.132143              1.288980          18.0  18.0
hpt_wine_SVM    PosMean 2.137069 1.331897 0.774754 0.939039 0.786453 1.157389 1.492488 0.408621 0.730296 0.819335 10.577340              1.345616          19.0  19.0
hpt_wine_SVM  lmabo-ab4 1.452956 0.478818 1.467611 1.282882 0.728448 1.243596 1.124754 0.825493 1.446059 1.155788 11.206404              1.425644          20.0  20.0
hpt_wine_SVM         PI 2.459236 1.578325 1.099754 0.927217 0.765271 1.306897 1.280049 0.719951 0.716010 0.895936 11.748645              1.494626          21.0  21.0
hpt_wine_SVM      llmgp 3.152709 1.877094 1.149384 1.213177 2.135099 2.321921 1.200616 0.701970 1.181897 1.385222 16.319089              2.076064          22.0  22.0
hpt_wine_SVM     PosSTD 0.971552 1.817365 1.099754 2.139778 0.982512 2.204803 2.450739 1.421429 2.105911 1.922414 17.116256              2.177477          23.0  23.0
hpt_wine_SVM       qPES 2.431404 1.549507 1.468350 1.879064 2.477833 1.348153 1.562438 1.792980 1.537315 1.188547 17.235591              2.192658          24.0  24.0
========================================================================================================================================================================================================
          problem     method    run_1    run_2    run_3    run_4    run_5    run_6    run_7    run_8    run_9   run_10       sum  relative_performance  problem_rank  rank
hpt_wine_AdaBoost    gphedge 0.825000 0.480542 1.055296 1.062808 0.369458 0.196552 1.020320 0.677217 0.751970 1.314286  7.753448              1.000000           1.0   1.0
hpt_wine_AdaBoost      LogEI 0.863793 0.437192 0.932759 0.877217 0.500493 0.658744 1.179557 0.450123 1.106034 1.333867  8.339778              1.075622           2.0   2.0
hpt_wine_AdaBoost  lmabo-ab2 0.948030 1.056034 0.962931 0.999384 0.875739 0.461084 1.039901 0.810222 0.905788 0.931158  8.990271              1.159519           3.0   3.0
hpt_wine_AdaBoost      lmabo 1.040640 0.700739 1.134975 0.923153 0.999631 0.744458 0.904310 0.646798 0.745567 1.425739  9.266010              1.195082           4.0   4.0
hpt_wine_AdaBoost       qMES 1.025862 0.351970 1.284729 1.064039 0.852217 0.712562 1.181281 0.781281 1.023153 1.044212  9.321305              1.202214           5.0   5.0
hpt_wine_AdaBoost  lmabo-ab1 1.569581 0.719828 0.868473 1.080419 0.582020 0.433744 1.462931 0.737808 0.815517 1.115640  9.385961              1.210553           6.0   6.0
hpt_wine_AdaBoost         EI 1.514409 0.781158 1.058990 1.123153 0.783744 0.505172 0.774754 0.767488 1.030172 1.105049  9.444089              1.218050           7.0   7.0
hpt_wine_AdaBoost        UCB 0.969212 0.710837 1.391626 0.675123 0.834975 0.914409 0.867611 0.753695 1.176724 1.259975  9.554187              1.232250           8.0   8.0
hpt_wine_AdaBoost  lmabo-ops 1.146675 0.688916 1.198153 1.149384 0.868227 0.560961 1.247291 0.712315 0.902217 1.385222  9.859360              1.271610           9.0   9.0
hpt_wine_AdaBoost  lmabo-ab3 1.329803 0.836700 2.365517 0.729187 0.411823 1.098399 0.962808 0.379926 0.981281 1.217365 10.312808              1.330093          10.0  10.0
hpt_wine_AdaBoost   setup_bo 0.669828 0.719828 1.205172 1.705911 0.763424 0.711576 0.967857 0.723768 1.636946 1.704187 10.808498              1.394025          11.0  11.0
hpt_wine_AdaBoost  lmabo-ab4 0.753079 0.762685 2.175369 0.683621 1.092980 0.989039 1.144335 0.821798 1.219828 1.177709 10.820443              1.395565          12.0  12.0
hpt_wine_AdaBoost    PosMean 0.957143 0.719581 0.987438 1.152463 0.736823 0.832266 0.794335 0.712315 0.737438 3.355788 10.985591              1.416865          13.0  13.0
hpt_wine_AdaBoost         TS 0.968103 0.529064 1.691133 0.981650 1.108005 0.588300 1.071921 1.038670 1.380911 1.952956 11.310714              1.458798          14.0  14.0
hpt_wine_AdaBoost no_past_bo 1.149384 0.741256 1.085099 1.217857 0.778818 1.051601 1.011207 0.570813 1.689901 2.539409 11.835345              1.526462          15.0  15.0
hpt_wine_AdaBoost      LogPI 0.737685 0.795443 0.754064 1.100493 0.780172 0.805788 0.765517 0.719212 1.122167 4.354926 11.935468              1.539375          16.0  16.0
hpt_wine_AdaBoost        esp 0.832143 0.720936 1.038547 1.069212 0.811330 0.830419 1.403202 0.719212 1.269212 3.585961 12.280172              1.583834          17.0  17.0
hpt_wine_AdaBoost       qJES 2.159852 0.705542 2.570936 0.617365 1.189655 0.883990 0.819458 0.805542 1.476108 1.471921 12.700369              1.638029          18.0  18.0
hpt_wine_AdaBoost         PI 1.595074 0.717980 0.814901 1.641872 0.744458 0.813054 0.757020 0.760591 0.813300 4.354926 13.013177              1.678373          19.0  19.0
hpt_wine_AdaBoost        qKG 1.714286 0.712685 2.331281 1.138424 1.271552 0.454926 0.834113 0.946798 1.878941 1.920443 13.203448              1.702913          20.0  20.0
hpt_wine_AdaBoost      llmgp 1.105172 1.046798 1.595813 1.970074 0.732512 1.192365 0.693719 1.601478 1.059113 2.276355 13.273399              1.711935          21.0  21.0
hpt_wine_AdaBoost       qPES 0.933744 0.993966 1.433374 1.876232 0.849384 1.876478 1.377709 0.923768 2.749384 2.665148 15.679187              2.022221          22.0  22.0
hpt_wine_AdaBoost     PosSTD 1.676478 1.059113 2.712438 2.095567 1.462562 2.807882 1.228571 1.046798 0.865764 5.338793 20.293966              2.617412          23.0  23.0
hpt_wine_AdaBoost     llambo 2.923030 3.075122 1.730296 2.384482 2.717856 2.707881 3.328694 1.775247 3.005050 2.991379 26.639038              3.435766          24.0  24.0
========================================================================================================================================================================================================
        problem     method     run_1     run_2     run_3     run_4     run_5     run_6     run_7     run_8     run_9    run_10        sum  relative_performance  problem_rank  rank
hpt_wine_MLPSGD   setup_bo  4.623768 12.086330  8.531404  8.375616 14.222044 10.838300 12.190764  7.522291 10.253079  8.443350  97.086946              1.000000           1.0   1.0
hpt_wine_MLPSGD       qMES  9.947044  8.849631 10.190764  9.614532 15.592365 11.133374 10.021429  9.277217  7.083621  8.656034 100.366010              1.033775           2.0   2.0
hpt_wine_MLPSGD      LogPI  8.928695  9.578818 15.874631 10.060714 11.076847 10.679187  5.827217  8.664532 10.296675  9.623030 100.610345              1.036291           3.0   3.0
hpt_wine_MLPSGD  lmabo-ops  5.720197  9.738670 11.089655 10.889039 10.753079 13.124507 11.716010  8.533498 10.359360  9.911084 101.835099              1.048906           4.0   4.0
hpt_wine_MLPSGD      lmabo 10.348768 11.622291 14.541133 10.483744  9.827463  5.766379  9.561823 10.519089 11.450616  8.539286 102.660591              1.057409           5.0   5.0
hpt_wine_MLPSGD         PI  6.380172 20.570443 14.062562  8.052833  4.619951  9.817611  9.170197  6.548276  7.464655 16.490148 103.176847              1.062726           6.0   6.0
hpt_wine_MLPSGD        UCB 13.224631  8.808744 13.164163  8.513424 11.262069  9.794704 10.889655  6.192611 11.121182 10.640764 103.611946              1.067208           7.0   7.0
hpt_wine_MLPSGD    PosMean 10.449631 11.170690 14.617980  8.667857 10.719335 11.576232  7.775369  8.593350 10.537685 11.824507 105.932635              1.091111           8.0   8.0
hpt_wine_MLPSGD         EI 17.145936 13.048892 16.347906 12.194951  6.854187 11.455665 12.680788  6.887562  7.265640  3.452709 107.334236              1.105548           9.0   9.0
hpt_wine_MLPSGD    gphedge  5.132389 14.549877 17.889901  8.152709 13.344089  9.754557 10.534606  7.292365 11.248399 12.360837 110.259729              1.135680          10.0  10.0
hpt_wine_MLPSGD      LogEI 11.195813 10.147414 12.775000  8.192365 16.378941 11.110099 11.958744  6.466133 10.955049 11.282512 110.462069              1.137764          11.0  11.0
hpt_wine_MLPSGD no_past_bo 13.471305 10.500123  7.150123  8.226232 18.364901 12.560837 15.288300  7.228941 13.415640  6.927833 113.134236              1.165288          12.0  12.0
hpt_wine_MLPSGD  lmabo-ab1 14.363177 10.589039 14.498030 11.716010 12.764163  6.354803  9.927586 11.228448 11.189655 10.717734 113.348645              1.167496          13.0  13.0
hpt_wine_MLPSGD        esp 12.502586  8.402709 12.915148 12.053448 14.352217 12.926970 12.392365  7.084113 15.342734  9.127217 117.099507              1.206130          14.0  14.0
hpt_wine_MLPSGD  lmabo-ab3 10.241872 10.681897 14.932882 10.854433 17.193103 13.460099 11.919212  7.196675  9.619335 12.929310 119.028818              1.226002          15.0  15.0
hpt_wine_MLPSGD  lmabo-ab2 11.775739 16.653202 16.545320 10.440394 16.595813  9.889532 13.483867  6.887562 14.473030 10.051355 126.795813              1.306003          16.0  16.0
hpt_wine_MLPSGD     llambo 12.610838 14.420567 10.867980 14.332512 13.407142 11.038670 13.889286 12.359729 13.957759 13.274384 130.158867              1.340642          17.0  17.0
hpt_wine_MLPSGD       qJES 12.463054  5.839409 17.087069 17.768350 17.413300 15.626724 20.390764 13.316502 10.032143 10.790025 140.727340              1.449498          18.0  18.0
hpt_wine_MLPSGD     PosSTD 11.332512 15.835961 20.301724 19.814409 15.377217 12.532266 15.135714 11.174261 14.215148 14.393227 150.112438              1.546165          19.0  19.0
hpt_wine_MLPSGD  lmabo-ab4 10.323030 21.370567 16.301232 13.784360 20.664163 16.334483  8.828695 13.871429 20.961946 11.515887 153.955788              1.585752          20.0  20.0
hpt_wine_MLPSGD        qKG 16.780296 13.486823 19.442611 19.774015 12.289532 15.883251 17.396305 18.104064 14.556158 12.011084 159.724138              1.645166          21.0  21.0
hpt_wine_MLPSGD         TS 19.067734 16.667734 20.337438 17.037931 17.900493 14.074384 14.272414 17.055788 18.950862 14.163670 169.528448              1.746151          22.0  22.0
hpt_wine_MLPSGD       qPES 18.935345 19.361207 20.203079 11.218350 15.630542 21.116133 16.191995 18.410222 21.731158 16.490148 179.288177              1.846676          23.0  23.0
hpt_wine_MLPSGD      llmgp 21.664655 20.835591 12.427833 18.359483 14.232143 20.967118 19.995936 14.388916 17.708621 22.274631 182.854926              1.883414          24.0  24.0
========================================================================================================================================================================================================
                  problem     method     run_1    run_2     run_3     run_4     run_5    run_6     run_7     run_8     run_9    run_10        sum  relative_performance  problem_rank  rank
hpt_diabetes_RandomForest         EI  2.093523 1.810867  3.415806  4.897041  1.915601 2.102631  2.220493  4.229915  2.518004  2.502910  27.706792              1.000000           1.0   1.0
hpt_diabetes_RandomForest      LogEI  2.357196 2.014136  2.458317  6.906522  2.111643 3.497304  1.661873  5.292815  2.909867  3.342998  32.552670              1.174899           2.0   2.0
hpt_diabetes_RandomForest      lmabo  2.696509 2.353638  4.165265  3.809298  2.943291 3.501006  2.304314  3.399462  5.517684  3.780189  34.470656              1.244123           3.0   3.0
hpt_diabetes_RandomForest        UCB  2.888681 2.732526  4.732942  4.103672  3.217780 4.628243  2.792109  3.910622  3.354149  3.657756  36.018480              1.299987           4.0   4.0
hpt_diabetes_RandomForest  lmabo-ab1  2.503632 2.047531  3.604484  4.490649  2.778176 5.708297  2.718306  4.600731  3.202430  4.859354  36.513590              1.317857           5.0   5.0
hpt_diabetes_RandomForest        qKG  3.140675 1.824231  3.875936  5.875093  3.839752 4.433262  2.707082  3.841336  3.759165  4.326404  37.622936              1.357896           6.0   6.0
hpt_diabetes_RandomForest  lmabo-ops  2.371763 4.386400  3.313217  5.410108  2.944839 4.890633  4.261274  2.523509  5.336899  2.384730  37.823372              1.365130           7.0   7.0
hpt_diabetes_RandomForest       qMES  2.280191 2.050222  3.098153  6.713831  2.960762 9.274466  2.142078  3.115111  3.613533  2.665545  37.913892              1.368397           8.0   8.0
hpt_diabetes_RandomForest  lmabo-ab2  2.848475 2.977356  4.990624  3.845256  3.163515 6.725322  2.249323  3.412061  6.066375  2.740226  39.018533              1.408266           9.0   9.0
hpt_diabetes_RandomForest       qJES  3.125007 2.353268  3.370190  7.195077  3.276122 4.543975  2.134506  4.606664  4.149921  4.427444  39.182173              1.414172          10.0  10.0
hpt_diabetes_RandomForest         TS  2.888936 2.440747  5.023825  4.026005  3.788330 6.120750  3.674054  4.239364  3.281711  3.772796  39.256518              1.416855          11.0  11.0
hpt_diabetes_RandomForest  lmabo-ab3  4.076730 2.261346  4.424021  5.064553  2.268737 8.647980  3.300184  2.904964  4.906478  4.038471  41.893464              1.512029          12.0  12.0
hpt_diabetes_RandomForest     llambo  3.001124 4.260393  5.053386  7.276833  2.320126 5.927254  2.100866  3.708347  4.475116  4.189876  42.313321              1.527182          13.0  13.0
hpt_diabetes_RandomForest         PI  3.800162 1.422263  6.317651  5.033136  3.160510 4.617116  4.788765  5.058517  3.715712  4.507916  42.421748              1.531096          14.0  14.0
hpt_diabetes_RandomForest    gphedge  2.533529 1.709185  3.741316  5.744462  2.370322 5.731686  3.118183  3.802221  8.593492  5.559551  42.903946              1.548499          15.0  15.0
hpt_diabetes_RandomForest        esp  3.244126 1.592062  4.911389  4.565064  2.754657 5.460313  5.054239  4.899348  5.442981  6.731911  44.656091              1.611738          16.0  16.0
hpt_diabetes_RandomForest   setup_bo  4.829720 2.420791  5.072058  5.858930  5.633221 2.557829  3.675424  5.817476  4.161456  4.692403  44.719310              1.614020          17.0  17.0
hpt_diabetes_RandomForest    PosMean  2.311150 2.027599  5.337704  7.874508  1.884788 4.298991  4.128815 10.072535 11.896771  3.438604  53.271465              1.922686          18.0  18.0
hpt_diabetes_RandomForest      LogPI  3.957841 1.069268  2.967782  4.940878  1.747546 6.158793  5.636941 11.250348  4.320940 11.845669  53.896006              1.945227          19.0  19.0
hpt_diabetes_RandomForest  lmabo-ab4  2.777978 4.459127  3.868652  4.637984  6.807288 8.800281  4.839754  5.687324  8.872432  3.303560  54.054380              1.950943          20.0  20.0
hpt_diabetes_RandomForest no_past_bo  5.556341 4.353528  6.372288  4.594396  3.179843 6.608277  4.756462  4.841790  6.849587  7.258375  54.370886              1.962367          21.0  21.0
hpt_diabetes_RandomForest      llmgp  6.690278 6.867481  4.997149  5.221179  5.578637 8.461526  5.532392  6.172812  6.327863  5.631764  61.481080              2.218989          22.0  22.0
hpt_diabetes_RandomForest       qPES 12.517398 7.340876 10.061393  7.637639 10.320494 4.941912  5.789489  7.226655  9.840370 15.036969  90.713194              3.274042          23.0  23.0
hpt_diabetes_RandomForest     PosSTD 22.069562 2.609108 18.501447 20.129706 20.970127 7.654841 10.265576 14.007296 13.660498 25.853778 155.721940              5.620353          24.0  24.0
========================================================================================================================================================================================================
                  problem     method     run_1     run_2     run_3     run_4     run_5     run_6     run_7     run_8     run_9    run_10        sum  relative_performance  problem_rank  rank
hpt_diabetes_DecisionTree     llambo  7.466018  2.815416  6.273363  6.525070  2.959025  1.855854  2.678090  6.780891  1.890145  1.832867  41.076740              1.000000           1.0   1.0
hpt_diabetes_DecisionTree  lmabo-ab3  2.421093  2.429164  7.245457  5.160526  1.880091  2.841255  7.643315  4.463803  4.397529  7.552695  46.034928              1.120705           2.0   2.0
hpt_diabetes_DecisionTree        qKG  4.265611  2.292862  5.454211  4.182804  2.383611  8.518902  5.308636  4.969383  5.972066  3.444845  46.792930              1.139159           3.0   3.0
hpt_diabetes_DecisionTree       qJES  2.941796  3.899394  6.911782  5.665152  6.796091  2.925224  4.999810  7.553303  3.230524  4.781246  49.704321              1.210036           4.0   4.0
hpt_diabetes_DecisionTree         TS  3.228095  2.932776  8.020586  7.556287  8.044175  4.375659  6.655177  5.491578  2.492904  2.250899  51.048136              1.242750           5.0   5.0
hpt_diabetes_DecisionTree      lmabo  6.491491  2.964490  7.301880  7.682473  4.475521  6.447175  4.030972  4.654810  5.106924  3.454459  52.610195              1.280778           6.0   6.0
hpt_diabetes_DecisionTree  lmabo-ab1  5.890877  3.269045  9.092895  8.057597  2.009776  4.064556  3.467947  5.371122  5.568295  5.831637  52.623749              1.281108           7.0   7.0
hpt_diabetes_DecisionTree      LogPI  1.129300  2.183926  9.137654  7.655476  2.141444  5.839169  3.300199  2.809859 10.538569  8.216160  52.951756              1.289093           8.0   8.0
hpt_diabetes_DecisionTree  lmabo-ops  2.169088  1.474502  6.630973  7.846728  2.953275  7.197515  8.118129  2.397638  8.491148  6.176344  53.455340              1.301353           9.0   9.0
hpt_diabetes_DecisionTree no_past_bo  9.056597  6.204817  2.944448  2.517320  3.886668  8.434131  1.232495  7.636201  7.365988  4.515290  53.793957              1.309597          10.0  10.0
hpt_diabetes_DecisionTree   setup_bo  8.197220  4.093970  4.893834  7.036147  4.090348  4.580224  5.282499  8.013175  4.107472  3.744201  54.039090              1.315564          11.0  11.0
hpt_diabetes_DecisionTree    gphedge  2.974263  3.830184  8.311680  7.847007  4.974886  3.517901  6.912020  6.946119  3.305409  7.301118  55.920587              1.361369          12.0  12.0
hpt_diabetes_DecisionTree      LogEI  7.853266  2.096684  6.703100  1.996834  3.246961  1.819202  2.584862  9.537582  8.891307 12.433135  57.162933              1.391613          13.0  13.0
hpt_diabetes_DecisionTree  lmabo-ab2  3.992148  3.197657  7.407611  7.586649  2.863101  3.929495  7.506960  7.879508  7.140995  6.004485  57.508609              1.400029          14.0  14.0
hpt_diabetes_DecisionTree  lmabo-ab4  8.625860  2.096464  6.955455 10.113737  5.470650  6.640417  7.237385  6.403314  2.880530  3.307492  59.731304              1.454139          15.0  15.0
hpt_diabetes_DecisionTree       qMES  5.515881  5.290298  7.492528  7.587465  3.293520  7.390600  6.653588  7.658579  6.452775  2.402222  59.737455              1.454289          16.0  16.0
hpt_diabetes_DecisionTree    PosMean  3.019428  2.342785  8.307964 13.321097  1.491578  1.895039  3.386927 13.035777 13.321097  1.831495  61.953187              1.508230          17.0  17.0
hpt_diabetes_DecisionTree         EI  8.047134  7.416365  8.013568  7.855607  2.043585  1.236898  7.822591  3.106457  8.196835  8.665245  62.404285              1.519212          18.0  18.0
hpt_diabetes_DecisionTree        UCB  4.628759  7.874537  8.954530  3.213187  3.584428  6.095229  5.413391  7.962256  8.061366  7.620518  63.408201              1.543652          19.0  19.0
hpt_diabetes_DecisionTree        esp  8.092432  6.253693  5.083798  5.985349  2.040253  7.844255  6.851729  8.750522  8.545388  4.240838  63.688256              1.550470          20.0  20.0
hpt_diabetes_DecisionTree         PI  7.987214  2.161800  5.714006  5.211032  2.129406  8.781028  3.713652 11.606831  9.424689  8.195850  64.925508              1.580591          21.0  21.0
hpt_diabetes_DecisionTree       qPES 10.769203  8.543902  7.605772  8.150125  7.496272  9.606758  6.712948  9.030325  7.128479  9.503824  84.547607              2.058284          22.0  22.0
hpt_diabetes_DecisionTree      llmgp  9.553122  6.648307  6.567465 11.026012  8.906008  8.091678 11.759790  9.811447  9.182062  6.736164  88.282055              2.149198          23.0  23.0
hpt_diabetes_DecisionTree     PosSTD 22.546418 18.573109 13.130884 12.857388 17.108267 21.645837 13.035777 13.035777  7.817018 22.546418 162.296893              3.951066          24.0  24.0
========================================================================================================================================================================================================
         problem     method    run_1     run_2     run_3     run_4    run_5    run_6    run_7     run_8     run_9    run_10        sum  relative_performance  problem_rank  rank
hpt_diabetes_SVM        UCB 0.482122  0.499964  0.392024  0.626763 0.551067 0.198019 0.262948  0.644918  0.302120  0.474195   4.434139              1.000000           1.0   1.0
hpt_diabetes_SVM  lmabo-ops 0.449492  0.510441  0.618312  0.672908 0.517191 0.213670 0.256092  0.526223  0.306184  0.556275   4.626787              1.043446           2.0   2.0
hpt_diabetes_SVM         EI 0.255626  0.533395  0.841766  0.810552 0.539499 0.157544 0.229236  0.694693  0.342808  0.511160   4.916279              1.108734           3.0   3.0
hpt_diabetes_SVM      LogEI 0.358015  0.540525  0.770846  0.863872 0.482742 0.158346 0.274080  0.831868  0.325433  0.474411   5.080139              1.145688           4.0   4.0
hpt_diabetes_SVM  lmabo-ab2 0.562038  0.469738  0.404880  0.852513 0.561448 0.170172 0.274571  0.981635  0.312686  0.777191   5.366871              1.210352           5.0   5.0
hpt_diabetes_SVM      lmabo 0.547116  0.570517  0.780895  0.555069 0.906281 0.220886 0.270720  0.741527  0.398449  0.564433   5.555892              1.252981           6.0   6.0
hpt_diabetes_SVM  lmabo-ab3 0.441864  0.492625  0.622593  1.012976 0.580918 0.291041 0.486696  0.382088  0.306184  0.972400   5.589384              1.260534           7.0   7.0
hpt_diabetes_SVM       qMES 0.485064  0.439257  1.252753  0.694816 0.568585 0.301362 0.326104  0.687571  0.424102  0.483724   5.663337              1.277212           8.0   8.0
hpt_diabetes_SVM       qJES 0.450007  0.576905  1.688703  0.649156 0.480386 0.174672 0.245315  0.737760  0.264453  0.544450   5.811807              1.310696           9.0   9.0
hpt_diabetes_SVM   setup_bo 0.540993  0.462742  0.955069  1.006185 0.832785 0.190182 0.356549  0.376926  0.833512  0.467214   6.022157              1.358134          10.0  10.0
hpt_diabetes_SVM  lmabo-ab1 0.399617  0.599246  0.601255  0.591134 1.071090 0.238126 0.318440  0.731844  0.856237  0.975598   6.382586              1.439420          11.0  11.0
hpt_diabetes_SVM    gphedge 0.448410  0.660487  1.600618  0.980360 0.729743 0.217688 0.314276  1.102880  0.697662  0.651299   7.403423              1.669642          12.0  12.0
hpt_diabetes_SVM        esp 0.634122  0.569105  0.679650  3.514490 0.709354 0.222215 0.284145  0.720606  0.557584  0.507759   8.399031              1.894174          13.0  13.0
hpt_diabetes_SVM  lmabo-ab4 0.335606  0.815093  0.745865  1.952365 1.116266 0.330496 0.324832  0.741282  1.310189  0.868068   8.540063              1.925980          14.0  14.0
hpt_diabetes_SVM         TS 0.426682  1.669405  1.618024  1.455289 0.682925 0.291587 0.206678  0.800316  0.498498  0.902903   8.552307              1.928741          15.0  15.0
hpt_diabetes_SVM        qKG 0.623899  1.929401  1.002163  1.270250 0.744803 0.601935 0.591625  0.650415  0.485023  0.966290   8.865805              1.999442          16.0  16.0
hpt_diabetes_SVM    PosMean 0.684067  1.189123  1.354726  1.336844 0.835555 0.216204 0.317004  1.298838  0.972555  0.879965   9.084882              2.048849          17.0  17.0
hpt_diabetes_SVM         PI 0.863253  1.133400  2.089171  2.872942 0.810508 0.321972 0.385361  1.715273  0.786886  0.769083  11.747850              2.649409          18.0  18.0
hpt_diabetes_SVM      LogPI 0.777792  1.106938  1.873854  2.590102 0.941352 0.260640 0.363703  2.322113  0.623188  1.029118  11.888800              2.681197          19.0  19.0
hpt_diabetes_SVM     llambo 2.045654  0.914753  1.679772  1.238021 1.202113 0.391099 1.682328  1.992372  1.385334  1.302804  13.834250              3.119940          20.0  20.0
hpt_diabetes_SVM      llmgp 1.644150  1.866967  0.983064  1.389281 2.223334 0.791038 1.327870  1.409417  2.026893  1.499558  15.161572              3.419282          21.0  21.0
hpt_diabetes_SVM no_past_bo 1.307506  2.418120  1.348351  1.714565 2.610487 0.352686 0.551621  0.920859  0.921716  4.182502  16.328413              3.682431          22.0  22.0
hpt_diabetes_SVM       qPES 1.155364  3.139698  1.834244  1.944821 1.631109 1.029999 2.350755  1.504484  1.356011  1.666881  17.613366              3.972218          23.0  23.0
hpt_diabetes_SVM     PosSTD 7.611965 25.253864 26.079349 25.658911 7.498419 1.147855 9.318596 13.403154 14.332673 26.426952 156.731738             35.346599          24.0  24.0
========================================================================================================================================================================================================
              problem     method    run_1    run_2    run_3    run_4    run_5    run_6    run_7    run_8    run_9   run_10       sum  relative_performance  problem_rank  rank
hpt_diabetes_AdaBoost         TS 1.301909 1.043414 1.842773 1.207351 0.700605 0.889008 1.011987 1.091126 0.985296 1.266863 11.340332              1.000000           1.0   1.0
hpt_diabetes_AdaBoost     PosSTD 1.124620 1.002899 1.634550 0.518635 1.255745 0.883639 1.241773 1.004412 1.124425 1.681744 11.472442              1.011650           2.0   2.0
hpt_diabetes_AdaBoost    PosMean 1.386738 1.019887 1.866651 1.068887 0.799416 0.943093 1.050120 1.142411 1.183232 1.488640 11.949075              1.053679           3.0   3.0
hpt_diabetes_AdaBoost        esp 1.231040 1.120237 1.787149 0.983812 1.202775 1.064628 0.909308 1.049326 1.276621 1.746996 12.371891              1.090964           4.0   4.0
hpt_diabetes_AdaBoost    gphedge 1.136373 1.228915 2.016162 1.193592 1.198451 1.038011 1.030935 1.148912 1.022115 1.488755 12.502222              1.102456           5.0   5.0
hpt_diabetes_AdaBoost  lmabo-ab1 1.223176 1.183119 1.875590 0.992714 1.344330 1.062942 1.073270 1.082625 1.091590 1.641665 12.571021              1.108523           6.0   6.0
hpt_diabetes_AdaBoost         EI 1.331714 1.304978 1.871904 1.071013 1.038922 0.898147 1.206820 1.267539 1.104546 1.580683 12.676266              1.117804           7.0   7.0
hpt_diabetes_AdaBoost      lmabo 1.401897 1.114386 1.811967 0.805681 1.166404 1.064628 1.096496 1.241626 1.423644 1.662396 12.789124              1.127756           8.0   8.0
hpt_diabetes_AdaBoost  lmabo-ab4 1.662610 1.035278 1.610405 1.138984 0.953762 1.064628 1.280557 1.331196 1.074056 1.669380 12.820856              1.130554           9.0   9.0
hpt_diabetes_AdaBoost     llambo 1.186159 1.207845 1.810736 1.235374 1.078713 1.064628 1.068998 1.187550 1.344205 1.714805 12.899015              1.137446          10.0  10.0
hpt_diabetes_AdaBoost  lmabo-ab3 1.067410 1.311973 2.379162 1.154225 1.022433 0.844845 1.106486 1.178387 1.146240 1.773278 12.984439              1.144979          11.0  11.0
hpt_diabetes_AdaBoost         PI 1.244381 1.373397 2.071235 1.231980 1.138237 1.064628 1.163309 1.078727 0.947851 1.727669 13.041413              1.150003          12.0  12.0
hpt_diabetes_AdaBoost        qKG 1.236718 0.973245 2.184154 1.227614 1.323521 1.049031 0.722458 1.468818 1.147571 1.724039 13.057169              1.151392          13.0  13.0
hpt_diabetes_AdaBoost       qMES 0.908045 1.361885 2.286906 1.182447 0.899474 0.989794 1.174076 1.331685 1.378702 1.794450 13.307465              1.173463          14.0  14.0
hpt_diabetes_AdaBoost      LogPI 1.438218 1.151186 2.024981 1.205186 1.302537 1.059268 1.100721 0.940511 1.462614 1.632292 13.317513              1.174349          15.0  15.0
hpt_diabetes_AdaBoost   setup_bo 1.303539 1.561802 1.913093 0.878324 1.252933 1.064628 0.980726 1.101372 0.882288 2.400149 13.338854              1.176231          16.0  16.0
hpt_diabetes_AdaBoost      LogEI 1.251737 1.554816 2.075736 1.150838 1.019981 0.930484 1.280557 1.414103 1.015853 1.820720 13.514826              1.191749          17.0  17.0
hpt_diabetes_AdaBoost  lmabo-ops 1.305887 1.145084 1.831577 1.256873 0.917325 1.064628 1.057781 1.488699 1.251693 2.387885 13.707432              1.208733          18.0  18.0
hpt_diabetes_AdaBoost        UCB 1.363790 1.421199 1.902183 1.257654 1.037332 1.023152 1.222656 1.171161 1.379192 2.337560 14.115879              1.244750          19.0  19.0
hpt_diabetes_AdaBoost  lmabo-ab2 1.204858 1.305826 3.267805 1.221545 0.907783 0.965354 0.977768 1.117039 1.000690 2.207887 14.176556              1.250101          20.0  20.0
hpt_diabetes_AdaBoost       qJES 1.363719 1.242701 1.933007 1.213559 1.632667 1.009182 1.145464 1.438888 1.360646 1.945193 14.285025              1.259665          21.0  21.0
hpt_diabetes_AdaBoost      llmgp 3.806801 1.003583 2.359710 0.921637 1.423195 1.039409 0.884473 0.969329 1.460038 0.927312 14.795487              1.304679          22.0  22.0
hpt_diabetes_AdaBoost no_past_bo 1.528361 1.722500 2.222698 1.095579 1.577941 1.062279 1.245920 1.631427 1.235026 1.599480 14.921211              1.315765          23.0  23.0
hpt_diabetes_AdaBoost       qPES 1.467851 1.363197 3.614691 1.178180 1.536504 1.064628 1.132939 1.318346 1.051136 3.948018 17.675491              1.558640          24.0  24.0
========================================================================================================================================================================================================
            problem     method     run_1     run_2     run_3     run_4     run_5     run_6     run_7     run_8     run_9    run_10        sum  relative_performance  problem_rank  rank
hpt_diabetes_MLPSGD       qMES  6.021894 15.266248  5.137044 11.429407  6.057635  4.721658  4.804230  7.852627 10.339507 11.932633  83.562884              1.000000           1.0   1.0
hpt_diabetes_MLPSGD        UCB 10.307250  6.034947 11.539214  7.736190  5.248017  3.478143 16.309880  5.866974  7.528977 12.829538  86.879131              1.039686           2.0   2.0
hpt_diabetes_MLPSGD      LogEI  4.739631  3.839323  7.926598 24.288811  6.677177  2.517670  6.363455 11.329173  7.138192 12.676822  87.496851              1.047078           3.0   3.0
hpt_diabetes_MLPSGD      LogPI 10.066892  4.737054  8.851063 18.839296  7.410717  4.519363  5.102397  4.480409  6.128433 17.880574  88.016197              1.053293           4.0   4.0
hpt_diabetes_MLPSGD      lmabo  7.172571 10.240564  7.559708  7.224662 10.143845  5.673284 18.432904  8.571551  4.887903  8.212713  88.119703              1.054532           5.0   5.0
hpt_diabetes_MLPSGD   setup_bo 10.060905  8.852879  3.733022  8.109084 13.664407 13.011943  4.897153  6.573633  9.083438 15.409793  93.396256              1.117676           6.0   6.0
hpt_diabetes_MLPSGD        esp 14.773873  3.260893  4.573921  8.640644  4.009097  8.422952 12.633925 14.902209  4.075762 18.255898  93.549174              1.119506           7.0   7.0
hpt_diabetes_MLPSGD         EI 24.345725  4.213516  6.536716 11.072327  5.432554  4.455920  5.230325 12.874549  5.582242 21.539191 101.283065              1.212058           8.0   8.0
hpt_diabetes_MLPSGD  lmabo-ops 14.532197  2.746800  7.357720  8.110048  9.216065 15.042802  3.279166  7.113936 17.900032 18.458286 103.757052              1.241664           9.0   9.0
hpt_diabetes_MLPSGD    gphedge 24.462591  5.446281 14.092617  9.897388  5.658928 19.823128  4.745700  8.675833  8.036786  5.629838 106.469091              1.274119          10.0  10.0
hpt_diabetes_MLPSGD    PosMean 15.373648 11.558578 14.743747 10.469654  4.622211 10.341196 17.023074 12.029192  6.801690  4.685740 107.648729              1.288236          11.0  11.0
hpt_diabetes_MLPSGD     llambo  5.241304  4.137885  5.734339  9.755360 13.179785 24.792449 17.022862  6.360138  4.871232 20.286240 111.381593              1.332907          12.0  12.0
hpt_diabetes_MLPSGD         PI 24.511955  6.717913  9.567386 24.360919  9.907689 12.493923  2.191787  7.906416  6.162315  8.490655 112.310958              1.344029          13.0  13.0
hpt_diabetes_MLPSGD  lmabo-ab1 13.882611 12.257889 23.686589  4.764180 18.035839  7.681948  2.345126  7.841857  6.671741 17.292854 114.460636              1.369754          14.0  14.0
hpt_diabetes_MLPSGD  lmabo-ab3 24.273969 10.025585 10.297066  8.221924  3.628164 12.250472 22.718626 18.108189  6.527859  4.579184 120.631040              1.443596          15.0  15.0
hpt_diabetes_MLPSGD  lmabo-ab4 15.905305 20.143424 12.684685 10.082485 23.103049  4.378699  3.700732 11.467572 12.971841 15.181225 129.619018              1.551155          16.0  16.0
hpt_diabetes_MLPSGD       qJES 12.989850  3.482021  8.883104 19.967963 22.782380 21.969255 11.488529 12.870224 11.902266 18.611370 144.946962              1.734585          17.0  17.0
hpt_diabetes_MLPSGD  lmabo-ab2 13.945935 23.752179 11.892130  7.010401 22.517682 16.039381 22.989520 10.608447  3.829152 13.574362 146.159187              1.749092          18.0  18.0
hpt_diabetes_MLPSGD      llmgp  8.686323 20.222332 12.337085  4.263111 24.740002 21.335585 15.826601 18.880770 18.240904 11.194523 155.727234              1.863593          19.0  19.0
hpt_diabetes_MLPSGD        qKG 16.018911 16.334003 12.256628 20.165604 18.121219 13.879476 15.954117 21.249365 15.538749  9.477731 158.995804              1.902708          20.0  20.0
hpt_diabetes_MLPSGD no_past_bo 18.056177 24.890838  7.578420 20.897306  3.243803 21.600214 24.333115  8.853266  9.531174 24.849618 163.833932              1.960606          21.0  21.0
hpt_diabetes_MLPSGD         TS 18.256477  8.911485 13.987485 17.300304 15.902059 17.685304 17.636101 16.128910 20.514530 20.033207 166.355862              1.990787          22.0  22.0
hpt_diabetes_MLPSGD       qPES 17.924272 13.675144 23.199282 19.695528 17.144056 16.716343 23.753315 18.299611 22.794968 23.313766 196.516285              2.351717          23.0  23.0
hpt_diabetes_MLPSGD     PosSTD 24.299041 24.007191 25.002989 24.106044 25.990907 20.495900 25.010889 25.342402 24.703765 21.710327 240.669456              2.880100          24.0  24.0
========================================================================================================================================================================================================
Using 20 fully-completed problems for statistical tests
Friedman tests:
  Relative performance: chi2 = 178.544, p = 4.901e-26
  Ranks:                chi2 = 178.544, p = 4.901e-26

Pairwise (control=lmabo) Holm-corrected p-values:
            p_rel_holm  p_rank_holm
method                             
PosSTD       2.067e-03    2.010e-03
PosMean      1.248e-02    3.799e-03
PI           5.341e-03    3.186e-03
LogPI        3.297e-03    3.288e-03
EI           4.004e-02    1.033e-02
LogEI        1.927e-02    4.572e-03
UCB          1.618e-02    4.572e-03
TS           3.067e-03    2.766e-03
qKG          3.297e-03    2.288e-03
qPES         2.037e-03    1.969e-03
qMES         9.272e-03    4.122e-03
qJES         2.288e-03    2.010e-03
llambo       1.927e-02    3.799e-03
llmgp        2.037e-03    1.969e-03
gphedge      7.134e-03    3.799e-03
no_past_bo   4.293e-03    3.288e-03
setup_bo     3.024e-03    2.811e-03
esp          2.522e-03    2.766e-03
lmabo-ab1    2.522e-03    2.740e-03
lmabo-ab2    3.024e-03    2.740e-03
lmabo-ab3    4.293e-03    2.766e-03
lmabo-ab4    2.037e-03    1.969e-03
lmabo-ops    9.272e-03    4.572e-03
Wrote LaTeX summary to summary_real.tex
