Checking number of completed runs for each problem and acquisition type...
--------------------------------------------------------------------------------------------------------------------------------------------------------------------------------------------------------------------------------------------------------------------------------------------------------------------------------------------------------------------------------------------------------------------------------------------------------------------------------------------------------------------------------------------------------------------------------
Problem                    |        PI        |      LogPI       |        EI        |      LogEI       |       UCB        |     PosMean      |      PosSTD      |        TS        |       qKG        |       qPES       |       qMES       |       qJES       |      lmabo       |    lmabo-ops     |    lmabo-ab1     |    lmabo-ab2     |    lmabo-ab3     |    lmabo-ab4     |     gphedge      |    no_past_bo    |     setup_bo     |       esp        |      llmgp       |      llambo      |bo_alternating_k1 |bo_alternating_k3 |bo_alternating_k5 |bo_explore_exploit|
--------------------------------------------------------------------------------------------------------------------------------------------------------------------------------------------------------------------------------------------------------------------------------------------------------------------------------------------------------------------------------------------------------------------------------------------------------------------------------------------------------------------------------------------------------------------------------
Ackley                     |        10        |        10        |        10        |        10        |        10        |        10        |        10        |        10        |        10        |        10        |        10        |        10        |        10        |        10        |        10        |        10        |        10        |        10        |        10        |        10        |        10        |        10        |        10        |        10        |        10        |        10        |        10        |        10        |
Beale                      |        10        |        10        |        10        |        10        |        10        |        10        |        10        |        10        |        10        |        10        |        10        |        10        |        10        |        10        |        10        |        10        |        10        |        10        |        10        |        10        |        10        |        10        |        10        |        10        |        10        |        10        |        10        |        10        |
Bukin                      |        10        |        10        |        10        |        10        |        10        |        10        |        10        |        10        |        10        |        10        |        10        |        10        |        10        |        10        |        10        |        10        |        10        |        10        |        10        |        10        |        10        |        10        |        10        |        10        |        10        |        10        |        10        |        10        |
Cosine8                    |        10        |        10        |        10        |        10        |        10        |        10        |        10        |        10        |        10        |        10        |        10        |        10        |        10        |        10        |        10        |        10        |        10        |        10        |        10        |        10        |        10        |        10        |        10        |        10        |        10        |        10        |        10        |        10        |
DixonPrice                 |        10        |        10        |        10        |        10        |        10        |        10        |        10        |        10        |        10        |        10        |        10        |        10        |        10        |        10        |        10        |        10        |        10        |        10        |        10        |        10        |        10        |        10        |        10        |        10        |        10        |        10        |        10        |        10        |
DropWave                   |        10        |        10        |        10        |        10        |        10        |        10        |        10        |        10        |        10        |        10        |        10        |        10        |        10        |        10        |        10        |        10        |        10        |        10        |        10        |        10        |        10        |        10        |        10        |        10        |        10        |        10        |        10        |        10        |
EggHolder                  |        10        |        10        |        10        |        10        |        10        |        10        |        10        |        10        |        10        |        10        |        10        |        10        |        10        |        10        |        10        |        10        |        10        |        10        |        10        |        10        |        10        |        10        |        10        |        10        |        10        |        10        |        10        |        10        |
Griewank                   |        10        |        10        |        10        |        10        |        10        |        10        |        10        |        10        |        10        |        10        |        10        |        10        |        10        |        10        |        10        |        10        |        10        |        10        |        10        |        10        |        10        |        10        |        10        |        10        |        10        |        10        |        10        |        10        |
Hartmann                   |        10        |        10        |        10        |        10        |        10        |        10        |        10        |        10        |        10        |        10        |        10        |        10        |        10        |        10        |        10        |        10        |        10        |        10        |        10        |        10        |        10        |        10        |        10        |        10        |        10        |        10        |        10        |        10        |
HolderTable                |        10        |        10        |        10        |        10        |        10        |        10        |        10        |        10        |        10        |        10        |        10        |        10        |        10        |        10        |        10        |        10        |        10        |        10        |        10        |        10        |        10        |        10        |        10        |        10        |        10        |        10        |        10        |        10        |
Levy                       |        10        |        10        |        10        |        10        |        10        |        10        |        10        |        10        |        10        |        10        |        10        |        10        |        10        |        10        |        10        |        10        |        10        |        10        |        10        |        10        |        10        |        10        |        10        |        10        |        10        |        10        |        10        |        10        |
Michalewicz                |        10        |        10        |        10        |        10        |        10        |        10        |        10        |        10        |        10        |        10        |        10        |        10        |        10        |        10        |        10        |        10        |        10        |        10        |        10        |        10        |        10        |        10        |        10        |        10        |        10        |        10        |        10        |        10        |
StyblinskiTang             |        10        |        10        |        10        |        10        |        10        |        10        |        10        |        10        |        10        |        10        |        10        |        10        |        10        |        10        |        10        |        10        |        10        |        10        |        10        |        10        |        10        |        10        |        10        |        10        |        10        |        10        |        10        |        10        |
Shekel                     |        10        |        10        |        10        |        10        |        10        |        10        |        10        |        10        |        10        |        10        |        10        |        10        |        10        |        10        |        10        |        10        |        10        |        10        |        10        |        10        |        10        |        10        |        10        |        10        |        10        |        10        |        10        |        10        |
SixHumpCamel               |        10        |        10        |        10        |        10        |        10        |        10        |        10        |        10        |        10        |        10        |        10        |        10        |        10        |        10        |        10        |        10        |        10        |        10        |        10        |        10        |        10        |        10        |        10        |        10        |        10        |        10        |        10        |        10        |
BucheRastrigin             |        10        |        10        |        10        |        10        |        10        |        10        |        10        |        10        |        10        |        10        |        10        |        10        |        10        |        10        |        10        |        10        |        10        |        10        |        10        |        10        |        10        |        10        |        10        |        10        |        10        |        10        |        10        |        10        |
LinearSlope                |        10        |        10        |        10        |        10        |        10        |        10        |        10        |        10        |        10        |        10        |        10        |        10        |        10        |        10        |        10        |        10        |        10        |        10        |        10        |        10        |        10        |        10        |        10        |        10        |        10        |        10        |        10        |        10        |
AttractiveSector           |        10        |        10        |        10        |        10        |        10        |        10        |        10        |        10        |        10        |        10        |        10        |        10        |        10        |        10        |        10        |        10        |        10        |        10        |        10        |        10        |        10        |        10        |        10        |        10        |        10        |        10        |        10        |        10        |
StepEllipsoid              |        10        |        10        |        10        |        10        |        10        |        10        |        10        |        10        |        10        |        10        |        10        |        10        |        10        |        10        |        10        |        10        |        10        |        10        |        10        |        10        |        10        |        10        |        10        |        10        |        10        |        10        |        10        |        10        |
Discus                     |        10        |        10        |        10        |        10        |        10        |        10        |        10        |        10        |        10        |        10        |        10        |        10        |        10        |        10        |        10        |        10        |        10        |        10        |        10        |        10        |        10        |        10        |        10        |        10        |        10        |        10        |        10        |        10        |
BentCigar                  |        10        |        10        |        10        |        10        |        10        |        10        |        10        |        10        |        10        |        10        |        10        |        10        |        10        |        10        |        10        |        10        |        10        |        10        |        10        |        10        |        10        |        10        |        10        |        10        |        10        |        10        |        10        |        10        |
SharpRidge                 |        10        |        10        |        10        |        10        |        10        |        10        |        10        |        10        |        10        |        10        |        10        |        10        |        10        |        10        |        10        |        10        |        10        |        10        |        10        |        10        |        10        |        10        |        10        |        10        |        10        |        10        |        10        |        10        |
DifferentPowers            |        10        |        10        |        10        |        10        |        10        |        10        |        10        |        10        |        10        |        10        |        10        |        10        |        10        |        10        |        10        |        10        |        10        |        10        |        10        |        10        |        10        |        10        |        10        |        10        |        10        |        10        |        10        |        10        |
Weierstrass                |        10        |        10        |        10        |        10        |        10        |        10        |        10        |        10        |        10        |        10        |        10        |        10        |        10        |        10        |        10        |        10        |        10        |        10        |        10        |        10        |        10        |        10        |        10        |        10        |        10        |        10        |        10        |        10        |
SchaffersIllCond           |        10        |        10        |        10        |        10        |        10        |        10        |        10        |        10        |        10        |        10        |        10        |        10        |        10        |        10        |        10        |        10        |        10        |        10        |        10        |        10        |        10        |        10        |        10        |        10        |        10        |        10        |        10        |        10        |
CompositeGriewankRosenbrock|        10        |        10        |        10        |        10        |        10        |        10        |        10        |        10        |        10        |        10        |        10        |        10        |        10        |        10        |        10        |        10        |        10        |        10        |        10        |        10        |        10        |        10        |        10        |        10        |        10        |        10        |        10        |        10        |
Gallagher21                |        10        |        10        |        10        |        10        |        10        |        10        |        10        |        10        |        10        |        10        |        10        |        10        |        10        |        10        |        10        |        10        |        10        |        10        |        10        |        10        |        10        |        10        |        10        |        10        |        10        |        10        |        10        |        10        |
Gallagher101               |        10        |        10        |        10        |        10        |        10        |        10        |        10        |        10        |        10        |        10        |        10        |        10        |        10        |        10        |        10        |        10        |        10        |        10        |        10        |        10        |        10        |        10        |        10        |        10        |        10        |        10        |        10        |        10        |
Katsuura                   |        10        |        10        |        10        |        10        |        10        |        10        |        10        |        10        |        10        |        10        |        10        |        10        |        10        |        10        |        10        |        10        |        10        |        10        |        10        |        10        |        10        |        10        |        10        |        10        |        10        |        10        |        10        |        10        |
LunacekBiRastrigin         |        10        |        10        |        10        |        10        |        10        |        10        |        10        |        10        |        10        |        10        |        10        |        10        |        10        |        10        |        10        |        10        |        10        |        10        |        10        |        10        |        10        |        10        |        10        |        10        |        10        |        10        |        10        |        10        |
--------------------------------------------------------------------------------------------------------------------------------------------------------------------------------------------------------------------------------------------------------------------------------------------------------------------------------------------------------------------------------------------------------------------------------------------------------------------------------------------------------------------------------------------------------------------------------
Completed:  ['Ackley', 'Beale', 'Bukin', 'Cosine8', 'DixonPrice', 'DropWave', 'EggHolder', 'Griewank', 'Hartmann', 'HolderTable', 'Levy', 'Michalewicz', 'StyblinskiTang', 'Shekel', 'SixHumpCamel', 'BucheRastrigin', 'LinearSlope', 'AttractiveSector', 'StepEllipsoid', 'Discus', 'BentCigar', 'SharpRidge', 'DifferentPowers', 'Weierstrass', 'SchaffersIllCond', 'CompositeGriewankRosenbrock', 'Gallagher21', 'Gallagher101', 'Katsuura', 'LunacekBiRastrigin']
Completed 30 problems out of 30
    method     mean      min       max     range  problem_rank
     lmabo 1.223242 1.000000  2.311966  1.311966      3.600000
     LogPI 1.324341 1.000000  3.566741  2.566741      7.033333
   PosMean 1.354942 1.000000  3.609742  2.609742      7.233333
     LogEI 1.389439 1.000000  2.799769  1.799769      8.533333
        EI 1.390631 1.000000  2.962929  1.962929      8.933333
 lmabo-ab1 1.412912 1.033982  2.392496  1.358514      8.733333
   gphedge 1.499647 1.079404  3.157473  2.078069     10.633333
 lmabo-ab2 1.527249 1.073099  2.956290  1.883191     11.800000
no_past_bo 1.527310 1.051839  2.508984  1.457145     11.833333
        PI 1.530759 1.000000  5.942127  4.942127      8.200000
 lmabo-ops 1.558193 1.000000  2.977424  1.977424     12.066667
 lmabo-ab3 1.560213 1.000000  3.513020  2.513020     12.033333
       esp 1.644169 1.002544  4.777603  3.775060     12.633333
  setup_bo 1.656592 1.028967  4.946934  3.917967     11.800000
      qJES 1.695976 1.000000  3.804806  2.804806     14.900000
       qKG 1.709716 1.044417  5.358399  4.313982     14.200000
       UCB 2.013725 1.000000  4.673828  3.673828     16.666667
 lmabo-ab4 2.069860 1.000000 10.614265  9.614265     16.133333
        TS 2.403785 1.028224 16.700814 15.672591     15.766667
     llmgp 3.174484 1.000000 25.004894 24.004894     17.566667
    llambo 3.200642 1.000000 39.964493 38.964493     15.000000
      qPES 3.352283 1.152115 16.459397 15.307282     18.500000
      qMES 3.748026 1.000000 65.921283 64.921283     13.500000
    PosSTD 8.213016 1.077865 83.032964 81.955099     22.000000
========================================================================================================================================================================================================
problem     method       run_1       run_2       run_3       run_4       run_5       run_6       run_7       run_8       run_9      run_10          sum  relative_performance  problem_rank  rank
 Ackley     llambo 1549.492082 2059.648222 1803.131798 2032.438917 1912.987429 2081.560661  385.481153 2073.606325 2109.462492 1978.840113 17986.649193              1.000000           1.0   1.0
 Ackley      LogEI 1669.412909 1803.339326 1913.854864 1864.061438 1757.685067 1714.501165 1829.329003 1839.324949 1901.654489 1700.579923 17993.743132              1.000394           2.0   2.0
 Ackley      LogPI 1836.894743 1856.657441 1849.739451 1783.282186 1791.548346 1806.463962 1823.329097 1925.055259 1888.859528 1880.179836 18442.009848              1.025317           3.0   3.0
 Ackley  lmabo-ab1 1686.203194 1918.223569 1971.958324 1967.811645 1934.877368 1930.761949 1800.142226 1919.941163 1949.451486 1820.923549 18900.294474              1.050796           4.0   4.0
 Ackley        esp 1821.813706 1906.096357 1865.916588 1928.867508 1944.237807 1894.341376 1870.513450 1901.289693 1892.479943 1965.293217 18990.849645              1.055830           5.0   5.0
 Ackley      lmabo 1902.619456 1981.266019 1969.299562 1714.330488 1875.738663 1958.793280 1810.104526 1879.857943 1956.881669 2025.861865 19074.753471              1.060495           6.0   6.0
 Ackley  lmabo-ab2 1900.400633 2066.797136 1909.319600 1969.699178 1997.107473 1867.034854 1857.690184 1863.476525 1955.824178 1914.106316 19301.456078              1.073099           7.0   7.0
 Ackley    PosMean 1907.567658 1952.006368 1987.966460 1953.616740 1889.197142 1872.464936 1882.749861 1987.052772 1945.066946 2001.179179 19378.868063              1.077403           8.0   8.0
 Ackley     PosSTD 1909.948872 2006.299621 1965.673157 1989.775475 1847.884234 1977.701176 1911.764448 1910.541504 1961.861990 1905.734165 19387.184641              1.077865           9.0   9.0
 Ackley  lmabo-ab3 1937.931842 1998.481438 1848.288417 2019.418186 1989.100936 1947.628190 1883.290351 1954.654146 1934.154396 1939.309850 19452.257753              1.081483          10.0  10.0
 Ackley    gphedge 1895.198685 1998.688161 1960.018426 1933.938359 1956.660592 1932.044371 1941.145177 1928.052117 1973.222568 1936.035698 19455.004155              1.081636          11.0  11.0
 Ackley   setup_bo 1920.395576 2040.812661 1989.539682 2000.016748 1970.906466 1947.763256 1892.523878 2003.320504 2021.099972 1986.638708 19773.017452              1.099316          12.0  12.0
 Ackley         EI 2031.505977 2054.290774 2064.725796 2030.036484 2008.102637 1675.216190 2055.162968 2023.419705 2012.280120 2025.419193 19980.159844              1.110833          13.0  13.0
 Ackley       qMES 2025.685693 1979.008730 1992.838000 2054.661498 1983.707050 2038.180528 1996.573766 2039.765520 1954.720629 1985.312925 20050.454339              1.114741          14.0  14.0
 Ackley  lmabo-ops 2021.887396 2048.462982 1983.032262 1972.203123 2004.511824 2014.528586 1988.813240 1994.619775 2035.724935 1999.134144 20062.918267              1.115434          15.0  15.0
 Ackley        qKG 2011.690812 1954.605497 2026.791260 2027.732960 2035.963295 1990.857362 2003.422864 2010.401637 2018.438086 1983.477865 20063.381639              1.115460          16.0  16.0
 Ackley         PI 2014.671588 2026.387295 2024.643217 2038.939139 1992.427175 1988.847380 1986.440362 2024.278719 2015.441765 1994.769315 20106.845956              1.117876          17.0  17.0
 Ackley        UCB 2025.077586 1866.474211 2053.684178 2053.174890 2040.403480 2016.426281 2034.132731 2049.988808 2062.061835 2001.445799 20202.869800              1.123215          18.0  18.0
 Ackley  lmabo-ab4 2005.368275 2095.217972 2088.886468 1978.568967 2075.460663 2025.713246 2081.319866 2078.235679 2012.480821 2058.673985 20499.925941              1.139730          19.0  19.0
 Ackley       qJES 2067.402203 2051.520731 2066.179754 2017.475376 2097.197594 2086.081054 2066.339379 2091.337867 2077.464949 2028.283428 20649.282336              1.148034          20.0  20.0
 Ackley no_past_bo 2080.047147 2084.020087 2029.886705 2066.032897 2098.050814 2082.575984 2090.385869 2088.459142 2045.090715 2044.874395 20709.423758              1.151378          21.0  21.0
 Ackley         TS 2082.848814 2066.510793 2083.843498 2047.512516 2085.816493 2083.589925 2072.248274 2075.859303 2089.188161 2073.068207 20760.485983              1.154216          22.0  22.0
 Ackley      llmgp 2084.606173 2099.796290 2082.477118 2092.232193 2095.720107 2092.545565 2084.929760 2091.137690 2085.326309 2097.407146 20906.178351              1.162316          23.0  23.0
 Ackley       qPES 2100.062435 2103.816790 2092.296082 2092.680198 2096.654057 2100.846108 2075.765441 2099.287166 2082.436532 2090.453205 20934.298014              1.163880          24.0  24.0
========================================================================================================================================================================================================
problem     method        run_1        run_2       run_3       run_4        run_5       run_6        run_7       run_8         run_9      run_10          sum  relative_performance  problem_rank  rank
  Beale      llmgp 1.982459e+04 11335.606097  312.560489  192.279501  4556.813784  221.892499  7607.120343  179.943203  63159.446755  572.983347 1.079632e+05              1.000000           1.0   1.0
  Beale      lmabo 2.011672e+04 11688.412882  239.517868  279.684652  4751.074215  456.747188  7882.222511  536.972889  63270.850068 1248.032904 1.104702e+05              1.023221           2.0   2.0
  Beale     llambo 1.984244e+04 12007.973179   99.077747  318.215729  4975.417913  461.727922  8044.374775  561.936193  63481.760978 1238.190603 1.110311e+05              1.028416           3.0   3.0
  Beale    PosMean 1.977628e+04 13907.854184  184.425900  156.459689  4649.215577  347.751874  7530.711820  455.944495  63527.554943  771.114823 1.113073e+05              1.030974           4.0   4.0
  Beale  lmabo-ab1 1.978058e+04 11540.182030  147.765768   91.161398  4781.756262  368.871857  8047.382153  813.737856  63186.368487 3074.147624 1.118320e+05              1.035834           5.0   5.0
  Beale      LogPI 1.977929e+04 14486.701661  188.369865  109.992549  4943.494916  830.798526  7606.144573  214.905849  63334.276352  533.037719 1.120270e+05              1.037640           6.0   6.0
  Beale         PI 1.980622e+04 14486.715039  403.267983  399.583387  4709.485335  834.938413  7621.753630  187.711544  63645.725427  561.626287 1.126570e+05              1.043476           7.0   7.0
  Beale         EI 1.985700e+04 11545.323944  137.413760  398.912906  4432.696473  453.797540  7590.898952  375.618404  77807.404907 1048.242505 1.236473e+05              1.145272           8.0   8.0
  Beale      LogEI 1.983595e+04 11538.986791  161.201150  196.113142  4447.464437  452.403679  7707.824129  378.752344  77864.831132 1399.581616 1.239831e+05              1.148383           9.0   9.0
  Beale       qJES 1.999538e+04 11467.530119  284.199969  288.035525 13326.705508 1127.597527  7733.829072  240.391102  69652.298923 1155.836821 1.252718e+05              1.160319          10.0  10.0
  Beale        qKG 2.012019e+04 11424.504582  121.197079  251.614559  4592.826788  648.581977  7500.175519  399.596753  80253.694588 1215.941669 1.265283e+05              1.171957          11.0  11.0
  Beale   setup_bo 1.981904e+04 11515.765412  150.258266  154.215800  4467.505804  406.418177  7812.331608  237.338713  89977.181432  431.289229 1.349713e+05              1.250160          12.0  12.0
  Beale       qMES 2.014497e+04 13103.592737  106.502891  498.211386  4537.830495  509.473972  7651.863613  825.751904  88701.404600 1048.040260 1.371276e+05              1.270133          13.0  13.0
  Beale  lmabo-ops 2.015087e+04 11351.305703  236.374941  729.254185  4560.793697  588.746663  7883.376375  599.404626  92231.968455 1048.728513 1.393808e+05              1.291003          14.0  14.0
  Beale no_past_bo 4.007231e+04 11550.163915  338.273771   89.343660 14042.286217  605.555074  8151.135319  283.355788  63175.094817 1878.005424 1.401855e+05              1.298456          15.0  15.0
  Beale        esp 1.978767e+04 33899.696323  377.153248  945.181942 13246.236321  675.694437  7725.030900  537.618318  63252.873897  621.100906 1.410683e+05              1.306632          16.0  16.0
  Beale    gphedge 2.002834e+04 11471.329674  747.736848  827.502318  4796.641818  676.034855 33938.447459  364.047192  82276.196076  552.719623 1.556790e+05              1.441963          17.0  17.0
  Beale  lmabo-ab4 2.088068e+04 34895.052580  549.525054  844.905237  5052.220700  664.803212  7571.765243  695.297166  88425.121418 1858.637523 1.614380e+05              1.495305          18.0  18.0
  Beale         TS 5.937666e+04 11622.921297  421.955623  306.402823  6281.393433 1028.968160  8210.001964  766.670644  75732.675314 1736.481086 1.654841e+05              1.532782          19.0  19.0
  Beale  lmabo-ab3 4.027104e+04 34127.333022  178.948340  453.823414  4524.975192  721.737485  7607.539827  767.421731  87085.689557 1629.174583 1.773677e+05              1.642853          20.0  20.0
  Beale  lmabo-ab2 8.611398e+04 33824.031666  761.585935  282.769644  4584.542636  455.448702  7592.473981  296.255363  77790.318146 1283.554060 2.129850e+05              1.972754          21.0  21.0
  Beale        UCB 2.000088e+04 34722.544258  209.809128  390.985592  4798.701814  354.614195  7552.760426  850.500223 194172.829404 1192.795011 2.642464e+05              2.447559          22.0  22.0
  Beale       qPES 2.111017e+04 33747.050889 1457.586636 1070.718780  5401.357609  986.495934  7788.149257 1479.527391 189424.425010 1788.729309 2.642542e+05              2.447631          23.0  23.0
  Beale     PosSTD 1.017163e+06 14624.178195 7178.108744 3179.697819  5050.653320 3780.226587  8551.875989 2966.582497  63539.309904 1219.160286 1.127253e+06             10.441080          24.0  24.0
========================================================================================================================================================================================================
problem     method       run_1       run_2       run_3       run_4       run_5       run_6       run_7       run_8       run_9      run_10          sum  relative_performance  problem_rank  rank
  Bukin    PosMean  441.971807  745.178534  431.078211  594.750215  468.444785  736.480694  660.371993  426.505453  411.656215  941.585564  5858.023473              1.000000           1.0   1.0
  Bukin  lmabo-ab1  811.416487  548.244097  727.409748  475.965960 1362.268529  709.189769  694.132716  554.665868  336.954891  703.626103  6923.874169              1.181947           2.0   2.0
  Bukin         EI  631.672105  399.344837  507.854659  837.509403  930.092170  666.076973  794.982368 1037.127197  951.413675  711.347016  7467.420403              1.274734           3.0   3.0
  Bukin      lmabo 1037.874155  561.795547  604.390765  645.863531 1003.866703  686.822198  612.319209  979.596435  924.925263  598.373493  7655.827299              1.306896           4.0   4.0
  Bukin         PI  679.006164  929.436036  666.420737  811.406846  439.082438  839.036022  684.044822  918.603069  783.279450 1014.070145  7764.385730              1.325428           5.0   5.0
  Bukin      LogPI  572.389109 1237.858215  898.726935  668.633384  536.649306  827.835838  924.905948  735.194542  682.622041  828.414111  7913.229428              1.350836           6.0   6.0
  Bukin no_past_bo  863.174883  558.110961  879.552108 1020.571389  693.995150  929.217828  701.743540  798.696707  763.698163  860.019013  8068.779743              1.377389           7.0   7.0
  Bukin         TS  716.672583  855.114677  596.094289  765.133375  549.760190  968.937209  829.164000  702.672256 1251.368386  913.709359  8148.626325              1.391020           8.0   8.0
  Bukin       qJES  893.557659  492.246945  808.732984  818.542153  891.252327 1030.495261  936.952003 1076.867590  685.486687  601.781873  8235.915482              1.405921           9.0   9.0
  Bukin  lmabo-ab2  531.285047  737.667471  783.619990  537.259930 1359.863299  645.855527  658.068212 1205.949864 1029.610662  925.667514  8414.847516              1.436465          10.0  10.0
  Bukin      LogEI  628.929624  463.793073  865.178293  892.079858 1005.244237 1043.668583 1015.210184  957.894256  887.294657  697.048861  8456.341626              1.443549          11.0  11.0
  Bukin       qPES  779.830464  744.656671  770.989199 1162.507342  748.883262  991.881356  744.086896 1138.122188 1029.835177  729.820840  8840.613397              1.509146          12.0  12.0
  Bukin  lmabo-ab3  737.514077 1063.460045  681.230296  795.838426  920.045774  742.814041  792.134778  899.482406 1238.487020 1073.375289  8944.382153              1.526860          13.0  13.0
  Bukin    gphedge  405.109274 1030.477613  863.639561 1516.252023 1012.131708 1324.754690  968.151850  509.693404  726.655214  738.958054  9095.823392              1.552712          14.0  14.0
  Bukin  lmabo-ab4  923.681686  467.215041  740.119764  893.590071  705.608773  883.315046  936.180763 1722.294402  624.805000 1249.617161  9146.427709              1.561350          15.0  15.0
  Bukin  lmabo-ops  956.555058  804.725129  857.465748  978.610643 1325.760912  808.439026  518.181040 1253.956731  988.848118  658.848351  9151.390756              1.562198          16.0  16.0
  Bukin        esp  607.220449 1072.357388  705.915574 1052.764548  901.243731 1094.675689 1043.796010  831.012053 1051.513086  809.711211  9170.209738              1.565410          17.0  17.0
  Bukin        UCB 1086.746618  791.946549  782.168556 1046.771336  892.305437 1037.654154 1075.053219  980.213404  953.879001  807.398840  9454.137113              1.613878          18.0  18.0
  Bukin        qKG 1178.788126 1013.694631 1080.345632 1371.217098 1030.479252  830.512589 1041.038830  850.829190  951.205931  824.767006 10172.878284              1.736572          19.0  19.0
  Bukin   setup_bo 1376.910845 1585.523304  739.999446 1088.281290  880.628480 1678.465978  640.533280 1075.660113  633.472671  598.807846 10298.283252              1.757979          20.0  20.0
  Bukin      llmgp  927.856263 1354.074347  967.992081  740.799520  999.016613  844.395706 1229.281559  878.731406 1652.141347 1347.895776 10942.184619              1.867897          21.0  21.0
  Bukin       qMES 1606.511339  710.065712  820.268589 1297.270735 1251.857344 1834.962582 1064.095656  992.271174 1050.855667 1355.152868 11983.311664              2.045624          22.0  22.0
  Bukin     llambo 1783.419498 1605.528841 1465.656657 1923.125107 1049.307622 1350.801215 2473.241803 1849.667830 2028.418300 1312.006719 16841.173592              2.874890          23.0  23.0
  Bukin     PosSTD 4426.123424 6458.306620 3820.302434 7667.658033 8549.834557 6669.906898 7055.595786 7498.855694 1421.435255 6202.970698 59770.989400             10.203269          24.0  24.0
========================================================================================================================================================================================================
problem     method      run_1      run_2      run_3      run_4      run_5      run_6      run_7      run_8      run_9     run_10         sum  relative_performance  problem_rank  rank
Cosine8     llambo  19.729358   2.665421  14.067679   2.884512  17.605322   3.996067   3.751182  19.826587   5.658478   9.770349   99.954954              1.000000           1.0   1.0
Cosine8  lmabo-ab1  45.323581   7.263463  12.481539  12.096156  18.514934  36.150002  12.197293  36.054056  26.023467  24.648027  230.752517              2.308565           2.0   2.0
Cosine8      lmabo  38.338074  11.760569   9.100252  17.879388  27.879333  38.418899  27.279164  17.924201  21.281208  21.231356  231.092446              2.311966           3.0   3.0
Cosine8        UCB  19.842054  35.202787   3.872452  26.184637  33.060605  23.719880  53.478256   6.822460  18.796534  24.345095  245.324760              2.454353           4.0   4.0
Cosine8 no_past_bo  32.017376  14.843067  11.961241  50.904004  19.380262  25.022238  26.875158  25.932549  30.475643  13.373818  250.785356              2.508984           5.0   5.0
Cosine8   setup_bo  25.585068  28.402457   8.425419  39.948537  21.042348  19.952409  19.580741   9.899659  40.424396  45.359758  258.620792              2.587373           6.0   6.0
Cosine8       qPES  22.512531  30.946632   7.420373  25.641350  29.151817  25.843645  36.154557  36.269508  25.972955  24.632747  264.546115              2.646653           7.0   7.0
Cosine8      LogEI  24.031941  31.392390   6.192134  31.668047  33.011046  11.012681  42.873699  26.457656  35.179250  38.031943  279.850788              2.799769           8.0   8.0
Cosine8  lmabo-ops  19.088127   8.502738   8.369970  26.404588  52.827353  30.508961  31.745414  42.757524  28.246635  36.612562  285.063871              2.851923           9.0   9.0
Cosine8  lmabo-ab2  19.629650  19.185410  10.186774  33.348392  29.625912  67.934603  33.402893  26.395217  37.464762  18.322180  295.495794              2.956290          10.0  10.0
Cosine8         EI  30.558102   8.933424   7.118578  20.398713  64.804002  36.507986  20.090905  55.773891  32.432967  19.540873  296.159440              2.962929          11.0  11.0
Cosine8       qMES  45.631128   9.729396   8.202990  22.535456  52.960565  32.221324  17.668787  24.301065  33.414126  58.180717  304.845552              3.049829          12.0  12.0
Cosine8    gphedge  43.393678   8.179400   6.489697  18.757982  39.664809  62.551801  38.868243  35.165490  27.088489  35.445452  315.605043              3.157473          13.0  13.0
Cosine8  lmabo-ab3  55.872021  19.782597  16.871973   9.375472  27.389416  37.493610  23.932087  52.012412  57.688925  50.725206  351.143718              3.513020          14.0  14.0
Cosine8      LogPI  33.464966  16.964853  16.208174  94.284234  27.128288  29.020475  44.005441  21.977639  41.013119  32.446287  356.513476              3.566741          15.0  15.0
Cosine8    PosMean  37.693348  23.645576  12.050161  48.461803  39.105076  29.745883  23.133566  38.299053  55.221480  53.455615  360.811561              3.609742          16.0  16.0
Cosine8       qJES  73.228923  17.882040  25.092565  19.628846  35.254980  30.938231  46.393612  26.612212  47.315826  57.962001  380.309235              3.804806          17.0  17.0
Cosine8        esp  72.549983  12.746663   9.673735  30.959866  28.924789  53.021635  50.101610  57.373638  39.170104  28.449428  382.971453              3.831440          18.0  18.0
Cosine8         PI  23.985322  55.986917  10.304826  46.672252  40.256385  30.934847  18.283714  42.215698  56.248991  78.874816  403.763768              4.039457          19.0  19.0
Cosine8  lmabo-ab4  76.506249  60.997153 113.959334  33.422372  14.913910  51.902387  30.254590  14.615037  46.292026  15.395203  458.258262              4.584648          20.0  20.0
Cosine8        qKG  42.618228  17.752937  35.257506 103.125662  31.228921  55.310620  73.650098  94.655155  58.749478  23.249937  535.598542              5.358399          21.0  21.0
Cosine8      llmgp 138.969527 180.872692 147.943526 164.532701 170.751653 154.430061 140.692845 147.529688 161.518343 172.027995 1579.269031             15.799807          22.0  22.0
Cosine8         TS 158.029626 170.067930 175.057445 179.539020 176.420815 118.985502 168.101621 163.902355 197.096941 162.127870 1669.329124             16.700814          23.0  23.0
Cosine8     PosSTD 366.934487 266.542088 326.767504 288.451195 223.202251 279.276091 373.048669 300.886232 292.098137 325.678310 3042.884964             30.442563          24.0  24.0
========================================================================================================================================================================================================
   problem     method        run_1        run_2        run_3        run_4        run_5        run_6        run_7        run_8        run_9       run_10          sum  relative_performance  problem_rank  rank
DixonPrice      LogPI 3.405596e+06 5.102727e+06 4.461257e+06 6.702690e+06 4.903165e+06 3.652697e+06 6.893657e+06 7.313439e+06 4.548032e+06 2.493358e+06 4.947662e+07              1.000000           1.0   1.0
DixonPrice         PI 2.572631e+06 8.485317e+06 6.109550e+06 5.149644e+06 5.140525e+06 5.590055e+06 2.918959e+06 7.412424e+06 7.454776e+06 3.290195e+06 5.412408e+07              1.093932           2.0   2.0
DixonPrice     llambo 1.628007e+06 4.835111e+06 7.442865e+05 3.177950e+06 8.262559e+06 7.502912e+06 5.976730e+05 3.249729e+06 9.628894e+06 1.521124e+07 5.483836e+07              1.108369           3.0   3.0
DixonPrice    PosMean 4.769424e+06 5.883942e+06 1.024331e+07 4.553534e+06 5.263758e+06 2.788563e+06 8.710400e+06 8.234595e+06 6.877612e+06 5.006433e+06 6.233157e+07              1.259819           4.0   4.0
DixonPrice      lmabo 5.186320e+06 7.057162e+06 6.062860e+06 8.409986e+06 1.046793e+07 8.490448e+06 4.099962e+06 6.932437e+06 7.506238e+06 9.609055e+06 7.382240e+07              1.492066           5.0   5.0
DixonPrice         EI 8.191327e+06 8.269332e+06 9.426903e+06 8.923466e+06 3.850713e+06 6.336114e+06 1.187928e+07 1.197688e+07 3.386668e+06 3.626055e+06 7.586674e+07              1.533386           6.0   6.0
DixonPrice        esp 7.930517e+06 1.108779e+07 6.928616e+06 1.151981e+07 6.581349e+06 6.444070e+06 1.034913e+07 5.001422e+06 5.286637e+06 5.987850e+06 7.711719e+07              1.558659           7.0   7.0
DixonPrice no_past_bo 4.114134e+06 5.167663e+06 1.162006e+07 8.212250e+06 1.025270e+07 5.747115e+06 7.495358e+06 1.433633e+07 8.221541e+06 8.381732e+06 8.354889e+07              1.688654           8.0   8.0
DixonPrice      LogEI 6.370293e+06 1.290447e+07 7.672954e+06 7.170281e+06 5.770629e+06 4.865020e+06 1.563346e+07 8.263702e+06 1.388486e+07 4.005302e+06 8.654096e+07              1.749129           9.0   9.0
DixonPrice    gphedge 5.341628e+06 5.014931e+06 1.071626e+07 6.990270e+06 1.550167e+07 7.369083e+06 1.667991e+07 6.066947e+06 5.935988e+06 7.215395e+06 8.683209e+07              1.755013          10.0  10.0
DixonPrice   setup_bo 2.373202e+06 1.245699e+07 1.129237e+07 1.298938e+07 7.414752e+06 5.786748e+06 1.022635e+07 1.265932e+07 9.012119e+06 3.964151e+06 8.817538e+07              1.782163          11.0  11.0
DixonPrice  lmabo-ab3 7.615193e+06 4.505545e+06 7.810490e+06 6.988099e+06 1.377349e+07 6.121530e+06 1.368319e+07 9.500153e+06 1.747595e+07 6.385519e+06 9.385916e+07              1.897041          12.0  12.0
DixonPrice  lmabo-ab1 8.067828e+06 1.130103e+07 1.103649e+07 6.963056e+06 1.501675e+07 6.727416e+06 7.046706e+06 1.465783e+07 1.341547e+07 5.119578e+06 9.935216e+07              2.008063          13.0  13.0
DixonPrice  lmabo-ab2 6.789163e+06 9.117231e+06 9.667176e+06 1.275877e+07 1.472151e+07 4.469205e+06 1.145452e+07 1.578766e+07 1.278921e+07 3.551638e+06 1.011061e+08              2.043512          14.0  14.0
DixonPrice  lmabo-ab4 8.708253e+06 1.253152e+07 8.886460e+06 8.745069e+06 1.367335e+07 6.704221e+06 1.995540e+07 2.108977e+07 7.278198e+06 9.996891e+06 1.175691e+08              2.376256          15.0  15.0
DixonPrice        qKG 1.188180e+07 1.536151e+07 8.713510e+06 1.477054e+07 1.049649e+07 8.407940e+06 1.554456e+07 1.376330e+07 1.198564e+07 9.635431e+06 1.205607e+08              2.436721          16.0  16.0
DixonPrice       qMES 1.236681e+07 1.329874e+07 1.087912e+07 1.487213e+07 1.439718e+07 1.624991e+07 1.705239e+07 1.066528e+07 1.432220e+07 1.211221e+07 1.362160e+08              2.753138          17.0  17.0
DixonPrice      llmgp 1.339433e+07 1.965196e+07 1.180485e+07 1.814518e+07 8.363253e+06 1.842121e+07 6.908434e+06 7.319923e+06 1.730263e+07 1.542014e+07 1.367319e+08              2.763566          18.0  18.0
DixonPrice  lmabo-ops 8.133186e+06 2.228370e+07 1.539740e+07 1.281913e+07 1.037197e+07 9.456295e+06 2.632576e+07 1.491341e+07 1.217989e+07 9.788929e+06 1.416697e+08              2.863366          19.0  19.0
DixonPrice       qJES 1.045302e+07 1.485016e+07 9.997356e+06 8.734972e+06 6.514825e+06 1.435958e+07 2.371829e+07 1.653915e+07 1.613662e+07 2.072798e+07 1.420320e+08              2.870688          20.0  20.0
DixonPrice         TS 1.368911e+07 1.516900e+07 1.229339e+07 1.416125e+07 8.882673e+06 2.007155e+07 1.052706e+07 1.971509e+07 1.784798e+07 1.245827e+07 1.448154e+08              2.926946          21.0  21.0
DixonPrice     PosSTD 1.247883e+07 1.246223e+07 3.816967e+07 1.692808e+07 2.501932e+07 7.440545e+06 2.325537e+07 2.320036e+07 3.841517e+07 1.581149e+07 2.131811e+08              4.308723          22.0  22.0
DixonPrice        UCB 1.935177e+07 2.646438e+07 2.112163e+07 2.199408e+07 2.143228e+07 3.092500e+07 1.503925e+07 2.549980e+07 2.438027e+07 2.503676e+07 2.312452e+08              4.673828          23.0  23.0
DixonPrice       qPES 4.631033e+07 7.417782e+07 6.879115e+07 5.949042e+07 1.108152e+08 1.117030e+08 1.097457e+08 8.909164e+07 8.093564e+07 6.329439e+07 8.143553e+08             16.459397          24.0  24.0
========================================================================================================================================================================================================
 problem     method     run_1     run_2     run_3     run_4     run_5     run_6     run_7     run_8     run_9    run_10        sum  relative_performance  problem_rank  rank
DropWave      llmgp 10.082858  8.222250  8.797199 13.382431 38.937688 13.606413  6.554941 17.496195 16.742007 10.482993 144.304975              1.000000           1.0   1.0
DropWave     llambo  6.742652 28.168471 14.056530 25.711238  5.045487 22.184014  2.202968 24.267557  8.146187  9.250694 145.775799              1.010192           2.0   2.0
DropWave      lmabo 10.434595 13.571241 14.964275 10.413852 19.633617 14.404330  8.810372 15.238680 12.056097 32.498191 152.025251              1.053500           3.0   3.0
DropWave  lmabo-ab1 11.083579  7.071177 16.880309  9.808418 24.925428 14.090902 16.084650 12.287916 15.377482 25.405426 153.015287              1.060360           4.0   4.0
DropWave        esp 11.744471 19.160048 12.238645 18.505708 17.649543 27.680218 21.944670 20.032407  8.008117 19.591044 176.554871              1.223484           5.0   5.0
DropWave  lmabo-ab3 12.304083 13.021424 14.631070 30.748136  9.699874 27.183456 23.504616 15.079102 12.617068 18.160583 176.949413              1.226218           6.0   6.0
DropWave  lmabo-ab2 11.993081 13.764709 12.801857 16.177220 24.813440 21.411486 20.453960 20.846848  9.060721 25.785225 177.108548              1.227321           7.0   7.0
DropWave       qPES 12.437194 20.954485 23.628860 26.376285 15.563677 22.285381  5.465772 22.893957 18.083378  9.726684 177.415673              1.229449           8.0   8.0
DropWave   setup_bo  8.507046 21.581961 18.913357 21.301813 22.305542 17.044643 22.948154  3.538897 14.975671 29.683440 180.800524              1.252906           9.0   9.0
DropWave         TS  6.792486 19.266249 13.717273 34.004804 24.998686 13.923226 22.455661 17.649865 13.187230 16.936977 182.932456              1.267679          10.0  10.0
DropWave       qJES 22.052043  9.382683 10.406511 16.553072 27.885301 28.194504 16.141634 22.811382 13.080474 18.719250 185.226854              1.283579          11.0  11.0
DropWave  lmabo-ops 13.123208 24.022184 15.074415 31.291327 21.614606 20.946661 12.100914 21.439347 15.815578 25.931256 201.359495              1.395375          12.0  12.0
DropWave    gphedge 13.360983 23.797093 25.135885 20.281747 26.675927 30.624863 19.962955 14.364919 14.690949 17.850083 206.745404              1.432698          13.0  13.0
DropWave       qMES  5.838198 15.037824 28.528039 14.717543 18.232399 41.396511 23.205532 21.071577  9.374203 32.886809 210.288635              1.457251          14.0  14.0
DropWave         EI  5.418767 18.146933 13.357803 27.858941 38.316367 22.091290 18.199562 21.777592 14.200858 31.571039 210.939152              1.461759          15.0  15.0
DropWave  lmabo-ab4 15.302958 29.752011 14.590959 28.669324 38.967467 14.666991 27.529720 21.536139  7.875232 25.004086 223.894887              1.551540          16.0  16.0
DropWave        UCB 10.176093 17.842948 31.390162 26.127903 32.529631 32.478605 24.800427 10.046592 11.341060 27.427637 224.161059              1.553384          17.0  17.0
DropWave      LogEI 11.141420 27.833807 12.423442 32.076010 25.060066 36.496048 28.851701 12.067598 17.232183 22.368951 225.551227              1.563018          18.0  18.0
DropWave        qKG 23.192184 23.607925 11.672171 16.956224 37.851614 31.171550 13.856125 26.182267 16.486350 25.074167 226.050577              1.566478          19.0  19.0
DropWave    PosMean 12.017142 39.219473 27.271307 31.797050 33.157166 32.490625 18.415656 11.463804  4.720598 28.524354 239.077175              1.656749          20.0  20.0
DropWave no_past_bo 12.584983 27.423484 19.157331 31.984896 36.812565 33.477064 23.680228 20.709211 13.922879 31.934972 251.687613              1.744137          21.0  21.0
DropWave         PI 11.237655 35.186494 31.545798 31.809745 18.348158 36.055337 26.780613 19.534960 12.388632 32.595580 255.482972              1.770438          22.0  22.0
DropWave      LogPI 11.280768 36.640184 31.545872 32.004486 34.421093 32.361782 26.770372 27.786272 14.655825 31.310996 278.777650              1.931864          23.0  23.0
DropWave     PosSTD 46.046545 43.339324 31.552323 25.017555 34.123869 47.265090 29.053505 34.065879 41.810804 38.192811 370.467705              2.567255          24.0  24.0
========================================================================================================================================================================================================
  problem     method        run_1        run_2        run_3        run_4        run_5        run_6        run_7        run_8        run_9       run_10           sum  relative_performance  problem_rank  rank
EggHolder      lmabo 12903.937792  6903.284982  8630.086435 11169.547361 19931.221585 21424.635803 11785.270237  5349.689618  6075.319612  7566.151656 111739.145082              1.000000           1.0   1.0
EggHolder         EI  6908.228999  5819.042462  8323.821929 22009.678465 30864.180142 18341.162359  9892.579251  1293.623209  5514.702091  8001.622582 116968.641489              1.046801           2.0   2.0
EggHolder  lmabo-ab1  7283.593306  7921.726778  6227.309243 20726.472686 14003.509418 12893.836035 19521.707323 10993.672315 14310.957069  6504.729236 120387.513408              1.077398           3.0   3.0
EggHolder      LogEI  3565.051465  5313.890820  5869.511835 26509.878664 19966.712887 11247.335487 24048.082332  3727.188206 17941.100404  9825.345282 128014.097380              1.145651           4.0   4.0
EggHolder       qMES  8861.702707  6108.939290  8406.458119 27116.037169 13929.679270 12225.929470 24769.103093  9274.740217 12793.176585  5423.547717 128909.313635              1.153663           5.0   5.0
EggHolder        esp  9431.305577  9633.454237  8670.436373 18981.054007  6864.232203 20150.764593 13995.255752  1526.569769 23419.716896 16245.284634 128918.074041              1.153741           6.0   6.0
EggHolder   setup_bo 11340.109372  8068.086795 26359.855866 13239.840308 12899.910334 13196.075204 13465.447881  9048.032802  9161.698913 13130.140757 129909.198232              1.162611           7.0   7.0
EggHolder    gphedge  7529.017957 20455.834597  5729.786622 26739.361501 26217.342984  8522.317340 10752.958950  4621.554894 18231.078548  7283.236958 136082.490350              1.217859           8.0   8.0
EggHolder      LogPI  3253.559116  5567.647273  4817.694844 26374.439559 33544.167962 27138.924883 27457.124325   981.731939  8071.178886  2744.774403 139951.243191              1.252482           9.0   9.0
EggHolder         PI  4544.479614  5598.849122  7696.388132 26126.763848 30990.875233 27109.291670 26407.785992  1015.886123  6112.560114  7669.718792 143272.598640              1.282206          10.0  10.0
EggHolder         TS 19576.764572  5081.986309 20771.830113 12102.881854 17803.278986 21581.587204 21603.747321 14009.848707  2894.112105  9556.319406 144982.356578              1.297507          11.0  11.0
EggHolder  lmabo-ops 11363.798611  7309.627761  7138.209620 25989.482279 22499.000623 12419.090667 18489.196774  8017.761730  4485.049914 28100.974606 145812.192585              1.304934          12.0  12.0
EggHolder  lmabo-ab2 10370.921638  9471.273958  9257.316136 22315.114543 33068.229845  6070.902079 24154.331393  8596.617406  8293.094481 14765.729188 146363.530667              1.309868          13.0  13.0
EggHolder        UCB 21008.647129  9313.698115 16192.974527 27131.798000 23688.892555  9912.236398 26980.570971  5883.670053  3717.253036 10385.485363 154215.226146              1.380136          14.0  14.0
EggHolder  lmabo-ab4 15355.915023 11611.788602 10195.142744 29031.090479 35160.131491 18327.644611 12262.334796  8168.712234 10772.876706  5510.609382 156396.246067              1.399655          15.0  15.0
EggHolder  lmabo-ab3  7061.405695  6655.640359  8751.311643 25477.356639  9654.322842 21156.241481 22673.812641 10453.355034 27707.215723 17129.210036 156719.872093              1.402551          16.0  16.0
EggHolder       qPES  7972.274101 13504.971369 12285.030145 22524.346913 10126.258904 19236.604383 12624.954114 19220.288393 23244.859938 17438.325883 158177.914143              1.415600          17.0  17.0
EggHolder    PosMean 10048.216937  7605.824161  5827.634143 27038.780534 33754.366412 36350.686820 28758.816145   998.111376  3265.476022  5136.131787 158784.044336              1.421024          18.0  18.0
EggHolder no_past_bo  9191.694027  7234.264543 16853.236596 23754.114901 31659.429563 13171.845249 23167.308386 13350.324649 10745.145082 25089.302705 174216.665702              1.559137          19.0  19.0
EggHolder      llmgp 21601.532409 13012.719952 25146.843900  6478.398671 21012.333188 21807.468064 15660.210685  7659.850109 23156.640010 19807.402007 175343.398994              1.569221          20.0  20.0
EggHolder        qKG 21453.888397 28102.198288 24963.022339 17346.189966 16645.885576  7119.438649 24549.776256  9972.545809 23722.041318 14971.333501 188846.320098              1.690064          21.0  21.0
EggHolder       qJES 22437.186681 17616.521528 21198.588244 22271.135327 20585.973745 16702.130909 30510.973195 15835.754491 18236.555539 21596.575916 206991.395576              1.852452          22.0  22.0
EggHolder     llambo 12791.186764 33540.749874 27255.011028 29102.685699  9984.921459 19995.056988 30269.691074 30069.172081 41168.160564 24869.681972 259046.317502              2.318313          23.0  23.0
EggHolder     PosSTD 22437.186681 41786.055615 24824.827046 46299.598623 35897.475823 35294.164041 47138.050165 42049.051308 45346.179534 59501.138619 400573.727455              3.584901          24.0  24.0
========================================================================================================================================================================================================
 problem     method        run_1       run_2        run_3        run_4        run_5        run_6        run_7        run_8        run_9       run_10           sum  relative_performance  problem_rank  rank
Griewank    PosMean  2137.877226 1575.422205  1532.516442  1699.927606  2292.665006  1144.680297  1969.588581  1618.100834  2477.783248  1956.128039  18404.689486              1.000000           1.0   1.0
Griewank      lmabo  2290.942860 1756.854170  1674.354160  3068.506311  2152.899367  1338.970120  1709.883233  1982.309238  2481.730463  1620.543821  20076.993743              1.090863           2.0   2.0
Griewank      LogPI  2766.047292 1501.888679  2407.083738  1284.147398  1731.218691  1693.624792  1758.721283  2076.779067  3428.518106  1797.852066  20445.881113              1.110906           3.0   3.0
Griewank         PI  2087.215773 1855.636924  1909.466484  2110.239870  1699.171081  1884.863188  1925.267507  2252.385410  3072.912523  2032.452032  20829.610791              1.131756           4.0   4.0
Griewank      LogEI  2252.828492 1579.940293  3548.169025  2014.559347  2043.705999  1365.325817  1639.384072  2245.382764  2574.596440  1979.461048  21243.353297              1.154236           5.0   5.0
Griewank     llambo  2048.931672 2090.496701   617.020798  1198.539366  5212.835693   348.561327  1382.274790   810.528915   933.634856  6972.913832  21615.737950              1.174469           6.0   6.0
Griewank  lmabo-ab3  3073.439834 1270.975735  2738.896483  2369.251181  2595.639228  2621.513115  1736.268109  1999.184594  2949.479140  1518.018693  22872.666112              1.242763           7.0   7.0
Griewank  lmabo-ab1  2067.722341 1289.327219  2484.347824  2269.781175  2420.850497  3021.976468  1690.949469  2972.775041  3221.153866  1468.958008  22907.841909              1.244674           8.0   8.0
Griewank    gphedge  3241.712739 1613.608469  3500.041591  1294.765185  2613.822601  2019.599965  2588.676374  1972.297758  3025.014626  1499.559932  23369.099240              1.269736           9.0   9.0
Griewank         EI  2997.467547 1479.094651  1960.914560  2917.495201  3560.022414  1702.051084  2033.067172  2154.033788  2751.806282  1851.474461  23407.427160              1.271819          10.0  10.0
Griewank  lmabo-ab2  3001.853228 1588.047596  2469.279569  2483.343865  2253.304445  1928.709751  2167.089292  2740.463869  2813.552000  2944.599772  24390.243387              1.325219          11.0  11.0
Griewank        esp  2368.926592 2629.203267  3929.212868  2365.174146  2615.439744  1524.118089  3300.634295  1760.911486  2673.906829  1300.180970  24467.708288              1.329428          12.0  12.0
Griewank no_past_bo  2463.647449 1675.556852  2742.950162  3692.218974  2753.590697  2072.418998  2132.822835  2347.393506  3308.183169  2095.140898  25283.923541              1.373776          13.0  13.0
Griewank        qKG  2168.400320 2200.626588  1440.982561  2454.352028  3955.667232  2737.970325  1406.829099  3029.461332  2998.032073  3307.715340  25700.036899              1.396385          14.0  14.0
Griewank   setup_bo  2614.260215 1779.314534  3131.220540  1779.305934  3805.639583  2555.345322  2782.397314  2730.990340  2836.536593  2610.204895  26625.215271              1.446654          15.0  15.0
Griewank       qJES  2465.101676 2828.957501  3492.328228  1840.888709  3262.228753  3315.675150  3250.087409  3021.907660  3589.533515  2209.020156  29275.728757              1.590667          16.0  16.0
Griewank  lmabo-ops  2465.456699 2001.728611  3341.680335  2721.072586  3684.792590  2269.784103  2868.220657  2974.511657  4505.286084  3093.603500  29926.136821              1.626006          17.0  17.0
Griewank       qMES  3109.348453 2496.922742  4615.254375  3052.592970  3165.667538  4058.853243  4360.759699  3103.400128  3508.909779  3721.449187  35193.158114              1.912184          18.0  18.0
Griewank        UCB  3145.880078 3001.453359  4269.223501  4063.801212  3982.088662  3758.661216  4529.222337  3446.132515  3708.462667  5070.831603  38975.757148              2.117708          19.0  19.0
Griewank         TS  4042.878040 3479.636559  2015.728532  2930.822039  4346.706542  4153.318870  4521.448129  5660.860344  4822.369048  4963.140136  40936.908240              2.224265          20.0  20.0
Griewank  lmabo-ab4  6775.639169 5663.848350  2739.901694  2361.645893  3910.590620  3999.503355  5649.482959  3225.394320  4458.638626  3978.838247  42763.483233              2.323510          21.0  21.0
Griewank     PosSTD  6863.005005 4459.254467  4729.741916  2569.478427  7752.012400  8048.817553  9220.696517  4534.789738  7259.992807  8842.117222  64279.906053              3.492583          22.0  22.0
Griewank      llmgp  8801.978408 6987.439399  8099.451147  5155.624629  6022.219049  4560.996216  7047.207655  7932.365948  8122.362592  7412.888137  70142.533180              3.811123          23.0  23.0
Griewank       qPES 13237.032671 7000.628582 12340.416732 13613.108582 12179.593545 14467.740937 12969.785221 10105.772885 10070.488530 12754.936186 118739.503871              6.451590          24.0  24.0
========================================================================================================================================================================================================
 problem     method      run_1      run_2      run_3      run_4      run_5      run_6      run_7      run_8      run_9     run_10         sum  relative_performance  problem_rank  rank
Hartmann         EI  34.687709  47.052786  33.202016  29.871006  38.346342  28.660608  12.368867  11.674791  32.026909  22.439489  290.330521              1.000000           1.0   1.0
Hartmann       qMES  39.580467  41.186074  31.403011  22.143404  37.849614  25.040104  16.063604  20.656251  33.357018  24.612654  291.892202              1.005379           2.0   2.0
Hartmann       qJES  27.144813  48.296099  26.740517  26.870227  34.667944  25.972870  37.577931  33.573275  53.316990  21.931959  336.092622              1.157621           3.0   3.0
Hartmann      lmabo  45.594720  48.314972  31.905355  28.948334  44.820277  29.767150  25.007945  30.270721  18.199199  35.750099  338.578769              1.166184           4.0   4.0
Hartmann    PosMean  38.018821  63.973745  44.345937  34.037333  31.705520  26.696439  25.054797  27.245033  33.626021  23.693370  348.397015              1.200001           5.0   5.0
Hartmann      LogEI  26.141415  37.600474  22.466097  19.567738  54.834804  50.477870  56.034768  12.473743  43.416499  26.244000  349.257407              1.202965           6.0   6.0
Hartmann  lmabo-ops  27.555794  57.515785  43.723769  24.021100  61.937322  17.650383  30.515740  26.784464  33.377597  36.336901  359.418854              1.237964           7.0   7.0
Hartmann   setup_bo  28.610955  65.881826  38.166686  25.807874  37.692013  28.920561  44.393517  18.244484  55.363370  20.054682  363.135969              1.250767           8.0   8.0
Hartmann       qPES  36.917564  55.835692  27.750393  19.726782  55.910068  25.692935  64.106728  25.191015  37.373159  31.422198  379.926533              1.308600           9.0   9.0
Hartmann no_past_bo  33.990591  52.176486  42.165234  26.972557  39.011560  38.794565  52.144848  29.547444  46.607998  26.499734  387.911016              1.336101          10.0  10.0
Hartmann  lmabo-ab3  31.178432  48.539911  49.249476  53.133243  45.010578  35.811272  39.946353  33.962616  29.398555  22.709102  388.939536              1.339644          11.0  11.0
Hartmann         TS  51.576790  45.607908  59.489214  46.482996  57.955695  25.661807  24.110721  27.805406  26.248439  36.026125  400.965100              1.381064          12.0  12.0
Hartmann        qKG  44.672179  64.942128  40.144425  33.623476  37.263535  33.514219  50.588938  25.330070  47.498845  26.794830  404.372644              1.392801          13.0  13.0
Hartmann    gphedge  41.420856  48.636764  42.161922  40.225338  40.511804  43.287675  73.925483  26.064493  30.604400  32.387226  419.225961              1.443961          14.0  14.0
Hartmann        UCB  61.544558  51.928917  48.789994  21.442338  27.365638  34.100450  67.851796  27.470203  45.240235  48.138233  433.872363              1.494408          15.0  15.0
Hartmann         PI  39.495332  74.496599  43.553050  31.221669  50.389319  26.229909  39.322176  29.002496  46.782153  60.930988  441.423690              1.520418          16.0  16.0
Hartmann        esp  40.328347 113.079608  36.813035  24.397694  22.675712  38.525714  54.686471  17.312724  73.967441  26.020622  447.807368              1.542405          17.0  17.0
Hartmann  lmabo-ab2  48.516248  93.539290  41.364607  25.414102  69.968493  44.733826  33.870025  25.083151  31.167501  45.810460  459.467704              1.582568          18.0  18.0
Hartmann      LogPI  41.498611  91.557946  32.410114  32.917976  79.910102  39.479642  23.938772  26.547399  62.585019  33.729173  464.574753              1.600158          19.0  19.0
Hartmann  lmabo-ab1  51.683158  58.268872  41.103819  36.097894  69.775173  27.904711  76.335174  26.276334  41.757453  48.458949  477.661538              1.645234          20.0  20.0
Hartmann  lmabo-ab4  13.610162 109.541322  25.801132  50.426728  80.064447  26.719689  33.975144  22.784421  42.020299  91.445372  496.388717              1.709737          21.0  21.0
Hartmann      llmgp 101.645851  59.671789  53.087949  47.931914 110.425362  99.831465  54.216379  53.742496  98.098226  65.933116  744.584546              2.564610          22.0  22.0
Hartmann     llambo 119.855547 134.697899 120.515854 132.165145 113.194135 109.415154 109.256740 117.541494 128.933266 132.836971 1218.412206              4.196638          23.0  23.0
Hartmann     PosSTD 142.281096 113.318271 153.002376 144.713674 117.186993 153.364651 157.746870 148.829931 139.621140 101.989330 1372.054332              4.725836          24.0  24.0
========================================================================================================================================================================================================
    problem     method      run_1      run_2      run_3      run_4      run_5      run_6      run_7      run_8      run_9     run_10         sum  relative_performance  problem_rank  rank
HolderTable      lmabo 154.487297  44.237730 160.114060 164.604062 195.961103  54.916529  11.778461 120.108014 282.328039  75.527978 1264.063274              1.000000           1.0   1.0
HolderTable       qMES  99.714901  75.915475 209.802257 113.641210 216.480982  25.103107  42.834870  51.193187 355.848980  80.662307 1271.197277              1.005644           2.0   2.0
HolderTable  lmabo-ops 204.875253 112.490625 183.350529  82.904707 245.619878 200.263861  82.335075  40.740634  57.207375  67.712117 1277.500055              1.010630           3.0   3.0
HolderTable       qJES 108.341537  70.354062 224.362910 403.647749 259.937693  60.353118  80.120704  48.084727  23.513214  80.135488 1358.851203              1.074987           4.0   4.0
HolderTable        UCB 133.639604  63.175768 202.471567 174.762933 240.506352 107.943607 295.828589 119.380753  66.852071  72.284605 1476.845849              1.168332           5.0   5.0
HolderTable       qPES  98.780610  73.145070 120.009619 407.918006 211.281032 142.903484 147.499538  58.609947  69.800739 195.107158 1525.055203              1.206471           6.0   6.0
HolderTable         EI 122.202807 121.919990 194.241266 170.318134 306.173080 131.325035  77.996962 157.608273 239.962122 164.253462 1686.001131              1.333795           7.0   7.0
HolderTable      LogEI 178.843026  92.728189 195.285381 185.123619 452.565493 166.884460 177.950428  56.183918 159.680446 163.077950 1828.322908              1.446386           8.0   8.0
HolderTable  lmabo-ab1 305.231748 122.740165 155.569029 157.983269 376.215459  71.917370 184.278474 208.698758 253.065473   8.207817 1843.907561              1.458715           9.0   9.0
HolderTable      llmgp 191.815497 106.307930 227.409143 208.970893 333.903003  25.327073  54.379202 225.654785 168.445641 358.651828 1900.864997              1.503774          10.0  10.0
HolderTable  lmabo-ab3  41.030754 207.578605 432.140479 536.806730 153.083196  29.069596 176.387238 252.018041  92.788055  69.548011 1990.450704              1.574645          11.0  11.0
HolderTable  lmabo-ab2 249.749146  95.776903 166.316022 289.627320 238.713493 482.011718  51.618850  15.651192  34.708905 372.329651 1996.503201              1.579433          12.0  12.0
HolderTable    gphedge  68.956186 187.019371  76.122043 176.377495 232.037336  46.274082 231.837607 486.114685 471.453810  61.463899 2037.656513              1.611989          13.0  13.0
HolderTable     llambo 252.130927 187.013182 232.567271 287.594577 342.016075 152.427881 256.268247 311.289434 124.264797  43.249955 2188.822345              1.731577          14.0  14.0
HolderTable        qKG 421.431140 220.121429 360.338476 375.668162 261.813006 162.246642 144.895874  46.784146  44.729078 164.752671 2202.780623              1.742619          15.0  15.0
HolderTable        esp  41.022350 198.333100 244.308407 434.362046 409.715067 195.532521 127.026167 155.966287 153.682407 250.740685 2210.689038              1.748875          16.0  16.0
HolderTable         TS 284.835506 152.809517 406.909774 167.042004 450.341928 176.308259 157.193726  21.905596 446.937266  98.147608 2362.431185              1.868918          17.0  17.0
HolderTable no_past_bo 504.276891 231.035302  60.015432 519.029287 595.872051  83.203090  11.781146 156.802196 176.642921 208.907565 2547.565882              2.015378          18.0  18.0
HolderTable   setup_bo 174.961587 211.233596 118.253140 539.596136 501.415331 172.296130 173.748185 210.292034 456.554340  97.020101 2655.370580              2.100663          19.0  19.0
HolderTable      LogPI  39.095249 195.412739 112.849560 532.516197 814.303372  93.257722 533.004099 238.142599 457.287651  50.801329 3066.670517              2.426042          20.0  20.0
HolderTable  lmabo-ab4 139.540011 550.613867 295.417771 245.495311 291.550294 160.036197 170.592648 185.011364 715.235826 337.193446 3090.686735              2.445041          21.0  21.0
HolderTable         PI 471.649665 121.530804 435.502139 535.627591 812.309018  55.022413 546.630394 100.389971 466.895311  50.708242 3596.265547              2.845004          22.0  22.0
HolderTable    PosMean 568.010229  56.491297 511.515763 536.006440 815.839087  25.022887 578.862762  47.722511 449.258099 208.907565 3797.636641              3.004309          23.0  23.0
HolderTable     PosSTD 618.617159 832.954870 942.490903 862.495713 931.083152 920.023156 921.870616 813.321847 887.136569 699.391756 8429.385742              6.668484          24.0  24.0
========================================================================================================================================================================================================
problem     method       run_1        run_2        run_3        run_4       run_5        run_6        run_7        run_8       run_9       run_10           sum  relative_performance  problem_rank  rank
   Levy     llambo 2326.948616  1859.398972  1164.074557   868.757985 1047.517296   216.091647  1627.601453  2515.962918  765.439497  1384.042941  13775.835884              1.000000           1.0   1.0
   Levy      LogPI  629.830254  2995.726347  1240.366735  2048.605448 2346.139375  1456.522258  1761.677277  3727.166002 3129.586064  1709.612935  21045.232694              1.527692           2.0   2.0
   Levy         EI 1503.919505  1676.478104  2331.059387  1979.526958 2589.465791  1428.344044  2583.340869  3591.798137 1928.466659  2519.082201  22131.481654              1.606544           3.0   3.0
   Levy    PosMean 1111.207701  1440.742459  3207.611440  2972.596458 1809.777230  1604.611442  1835.858994  3357.911077 3487.793502  2202.156799  23030.267101              1.671787           4.0   4.0
   Levy         PI 1518.389623  2728.909444  3146.995891  1762.390593 1937.967729  1227.091263  2628.607105  4007.067620 1786.104296  3284.958988  24028.482553              1.744249           5.0   5.0
   Levy      LogEI 2716.080202  3130.675530  3639.894018  2694.262002 2577.134124  2452.749868  2800.069103  2027.164994 1842.463374  2051.452812  25931.946028              1.882423           6.0   6.0
   Levy      lmabo 1043.091941  3530.704073  2860.652430  2900.652611 1779.663176  2205.604612  2987.692218  4186.520907 1900.594746  3052.507165  26447.683878              1.919861           7.0   7.0
   Levy    gphedge 2161.954165  3862.601739  1776.576159  3557.938568 3572.059612  2673.906699  1777.075891  3431.159139 2710.110513  2410.278837  27933.661324              2.027729           8.0   8.0
   Levy no_past_bo 1410.678514  3182.118522  3794.989875  2835.724020 2486.381521  2277.452228  2200.915572  4186.161017 2925.051974  3447.916152  28747.389396              2.086798           9.0   9.0
   Levy  lmabo-ab2 3508.585098  3049.556545  3197.251013  3036.037775 2598.839847  1644.778969  2348.127759  2933.422969 3387.540328  4419.799865  30123.940169              2.186723          10.0  10.0
   Levy  lmabo-ab3 1818.510333  2476.242302  3456.757118  3840.198957 2411.800946  2421.657189  3276.555280  3617.102426 4335.469126  2859.139546  30513.433222              2.214997          11.0  11.0
   Levy   setup_bo  702.281611  3255.149499  2452.525769  4493.498469 3150.886279  1828.291515  2926.889898  3458.802337 4818.732469  4703.459360  31790.517207              2.307702          12.0  12.0
   Levy        qKG 2292.304059  3070.917977  4067.702221  4500.309126 3972.996420  2004.086758  2993.726111  3030.501270 3280.298289  3327.104020  32539.946251              2.362103          13.0  13.0
   Levy  lmabo-ab1 1584.630245  3285.409128  4463.476510  3375.888033 3887.712631  2478.635751  3354.459029  2879.382755 3625.041267  4023.999693  32958.635042              2.392496          14.0  14.0
   Levy        esp 3455.766870  2819.356608  4259.458330  2463.067585 3128.612453  2901.080922  3448.679527  3508.719024 4091.267482  3783.487432  33859.496234              2.457891          15.0  15.0
   Levy       qMES 3216.916198  2833.261175  2663.172392  4842.617003 3059.717786  3409.730136  3587.181630  4308.361355 3147.715270  4979.514895  36048.187840              2.616770          16.0  16.0
   Levy      llmgp 2943.723552  2970.405085  4209.755735  3000.525658 4708.245378  2981.325725  4516.866796  3527.057977 2887.814909  4644.380690  36390.101504              2.641589          17.0  17.0
   Levy  lmabo-ops 2974.518450  3258.087524  5115.906682  3357.372294 7148.414223  3403.987578  5105.033744  3522.237605 3995.980652  3134.964289  41016.503040              2.977424          18.0  18.0
   Levy  lmabo-ab4 2846.864119  3874.549543  4885.835855  4536.939973 3759.464373  3406.619989  3266.765080  4291.640812 6198.961731  4664.209544  41731.851019              3.029352          19.0  19.0
   Levy       qJES 2842.105190  3552.388897  3560.216371  5428.203018 4358.934293  5318.927428  4762.806160  5204.602655 4586.106635  5410.514701  45024.805349              3.268390          20.0  20.0
   Levy     PosSTD 3578.369485  4248.698721  6412.436964  4640.845969 4309.803244  6135.051921  4218.565022  4666.041816 7038.927455  4091.799741  49340.540340              3.581673          21.0  21.0
   Levy         TS 3382.497251  5961.765663  6095.729217  4062.664598 6473.930588  4329.293654  4519.558488  7372.182075 4719.667460  3990.101966  50907.390959              3.695412          22.0  22.0
   Levy        UCB 5690.530060  5294.443683  4354.420728  6096.219566 4010.137505  5254.091655 10160.826544  6687.061349 3545.095874  6690.967615  57783.794578              4.194576          23.0  23.0
   Levy       qPES 8430.620256 14268.060413 11570.842035 20027.964277 8856.402156 13958.396530 20751.389320 17109.337466 7507.746759 17184.960522 139665.719735             10.138457          24.0  24.0
========================================================================================================================================================================================================
    problem     method      run_1      run_2      run_3      run_4      run_5      run_6      run_7      run_8      run_9     run_10         sum  relative_performance  problem_rank  rank
Michalewicz    PosMean 199.362904 205.452737 156.502919 179.600713 198.536834 167.079581 174.968659 125.781473 195.985438  96.488642 1699.759900              1.000000           1.0   1.0
Michalewicz         PI 197.237548 200.044723 175.270492 170.738416 135.606478 193.254444 210.670018 144.016511 186.964850 150.131497 1763.934975              1.037755           2.0   2.0
Michalewicz no_past_bo 173.705740 180.728068 138.463346 199.961965 221.055995 166.943163 178.551211 135.864596 185.051812 207.547778 1787.873675              1.051839           3.0   3.0
Michalewicz   setup_bo 223.880646 224.224813 177.183968 164.353524 189.456579 161.247179 177.667906 140.429582 200.975230 184.629621 1844.049047              1.084888           4.0   4.0
Michalewicz      lmabo 223.605352 168.702627 174.546458 217.319582 180.371888 182.833642 192.422374 153.129241 186.946681 189.029851 1868.907696              1.099513           5.0   5.0
Michalewicz      LogPI 188.650418 221.321376 215.265362 187.349315 180.569200 160.426070 223.177880 157.452225 206.422232 175.350250 1915.984329              1.127209           6.0   6.0
Michalewicz  lmabo-ab2 168.203465 206.856047 170.036874 216.433996 193.953583 202.952172 187.873833 172.458103 218.974050 210.388194 1948.130318              1.146121           7.0   7.0
Michalewicz      LogEI 200.638245 228.144205 159.286898 217.916433 236.409811 149.650473 221.764669 178.712270 188.248969 169.801124 1950.573097              1.147558           8.0   8.0
Michalewicz         EI 208.612626 226.483537 128.800425 183.982513 213.630528 173.403186 198.054698 186.823435 232.903537 203.938054 1956.632538              1.151123           9.0   9.0
Michalewicz  lmabo-ops 198.926839 197.905006 190.740152 189.564897 193.667605 216.103377 184.821871 202.688546 184.784766 197.792436 1956.995496              1.151336          10.0  10.0
Michalewicz  lmabo-ab3 229.901025 215.499227 204.536234 229.400641 170.940365 202.462780 134.107239 194.116969 203.237003 184.213302 1968.414786              1.158055          11.0  11.0
Michalewicz  lmabo-ab1 119.813847 190.399420 216.374195 199.535720 234.074304 216.671548 203.335825 164.018671 222.824148 202.015359 1969.063035              1.158436          12.0  12.0
Michalewicz    gphedge 212.253525 206.175489 209.526712 250.675332 172.930905 188.789338 206.255946 130.882924 234.348885 208.176838 2020.015896              1.188412          13.0  13.0
Michalewicz       qPES 228.547117 152.609054 167.177123 219.492172 207.960619 212.775616 248.892980 182.948506 213.731814 225.711496 2059.846498              1.211846          14.0  14.0
Michalewicz        qKG 222.005528 242.369700 203.639870 231.060073 188.353642 192.532784 234.781379 179.099351 208.809299 163.790078 2066.441705              1.215726          15.0  15.0
Michalewicz         TS 227.091874 184.742044 194.835613 239.382882 228.752661 240.074485 222.894998 194.297737 227.726004 119.828875 2079.627173              1.223483          16.0  16.0
Michalewicz        UCB 216.239547 203.900492 203.204464 213.211578 209.269017 211.277051 211.874061 207.457313 214.841291 205.069008 2096.343823              1.233318          17.0  17.0
Michalewicz       qMES 237.866708 209.802659 186.818847 213.801272 192.778895 226.348078 211.185454 172.258420 234.196096 237.640589 2122.697018              1.248822          18.0  18.0
Michalewicz  lmabo-ab4 230.636434 215.196601 218.670625 220.077425 223.269110 208.989879 223.774110 170.808029 212.361947 227.281656 2151.065817              1.265512          19.0  19.0
Michalewicz        esp 202.912782 227.634877 205.511961 244.118621 218.196602 205.986695 206.969499 170.297724 219.933064 255.842831 2157.404655              1.269241          20.0  20.0
Michalewicz       qJES 212.052011 230.490803 213.694454 238.758877 208.158043 164.968268 222.713559 189.492873 263.219502 227.256340 2170.804731              1.277124          21.0  21.0
Michalewicz      llmgp 228.867253 215.446189 224.538395 217.899041 244.802416 238.034608 244.223714 186.657576 211.908287 223.228887 2235.606367              1.315248          22.0  22.0
Michalewicz     PosSTD 239.942164 227.064913 212.022651 229.052589 242.778081 315.728196 235.355432 259.677525 256.027437 249.151780 2466.800769              1.451264          23.0  23.0
Michalewicz     llambo 253.229937 273.049533 281.952091 231.987070 265.398380 270.637437 274.224636 183.031806 252.438735 267.211926 2553.161552              1.502072          24.0  24.0
========================================================================================================================================================================================================
       problem     method        run_1        run_2        run_3        run_4        run_5        run_6        run_7        run_8        run_9       run_10           sum  relative_performance  problem_rank  rank
StyblinskiTang     llambo 22749.347324 35213.207569 13274.459541 35503.838867 28749.534908  3970.239647 32433.228743 18069.155869 25501.541494 38295.934090 253760.488052              1.000000           1.0   1.0
StyblinskiTang         PI 32307.862784 20263.508627 31917.614803 29517.847124 33018.775575 28752.717729 31114.449071 20946.988430 32740.853569 32223.741733 292804.359444              1.153861           2.0   2.0
StyblinskiTang      LogPI 25698.169698 24457.725103 29900.954469 26063.488459 30504.296404 39280.742883 27458.033213 31642.588813 29047.248154 32374.572916 296427.820112              1.168140           3.0   3.0
StyblinskiTang    PosMean 37400.040144 30040.908209 34410.230780 38912.378477 32016.158163 45821.415698 32343.040698 27060.596301 31453.851399 35920.461228 345379.081097              1.361044           4.0   4.0
StyblinskiTang        qKG 36921.841350 38326.339054 35630.954949 26617.522388 30172.805461 44918.024538 42401.799635 44943.192308 36832.109311 38871.975074 375636.564067              1.480280           5.0   5.0
StyblinskiTang    gphedge 39294.016905 25800.784703 43448.232121 41269.479151 38483.940880 45320.329278 34914.505994 38172.812038 40725.797169 37969.251452 385399.149691              1.518752           6.0   6.0
StyblinskiTang  lmabo-ab1 40277.519311 27358.016778 42253.444739 41083.289184 37473.712842 37950.131956 41248.177043 43205.888124 38918.944767 38269.500160 388038.624904              1.529153           7.0   7.0
StyblinskiTang      lmabo 41946.981089 32549.777414 39360.332987 37543.231474 39092.312626 45765.934641 36111.465790 35759.546730 40107.585123 42527.535051 390764.702925              1.539896           8.0   8.0
StyblinskiTang  lmabo-ab2 43911.341476 35444.278423 41344.616114 43175.903935 32452.799047 31691.384673 42937.197386 41691.932661 41085.920725 38469.802218 392205.176659              1.545572           9.0   9.0
StyblinskiTang no_past_bo 44445.399001 28951.320578 42609.493751 37043.255298 38932.793600 39965.496212 34914.411145 44323.814558 45688.680265 39401.887382 396276.551790              1.561616          10.0  10.0
StyblinskiTang     PosSTD 41207.281831 42834.596424 38033.006152 38033.377977 43287.442075 46804.053672 38300.712854 40109.465041 37203.135223 36067.884746 401880.955995              1.583702          11.0  11.0
StyblinskiTang  lmabo-ab3 42518.813319 35312.669719 37835.558850 38200.610271 43540.504411 39562.018838 43867.116598 43615.564339 40028.832856 37876.720963 402358.410166              1.585583          12.0  12.0
StyblinskiTang      LogEI 50387.066424 32897.387476 40881.577301 38983.182238 32452.836118 44860.039063 40091.698945 44355.077134 43355.158067 38614.558334 406878.581099              1.603396          13.0  13.0
StyblinskiTang        esp 35649.527343 38005.772009 39086.695015 41988.981189 37496.352563 49594.421903 42903.088346 42337.818159 41189.147558 39277.331780 407529.135866              1.605960          14.0  14.0
StyblinskiTang   setup_bo 43408.731321 36369.868924 44395.570335 48609.968039 33907.922166 41768.683897 43983.878251 33844.892497 43210.177334 38813.146713 408312.839477              1.609048          15.0  15.0
StyblinskiTang         TS 37715.846333 42789.398468 40774.402461 43085.013730 39833.034355 42067.263789 41975.308136 45384.574975 35424.541221 39469.360526 408518.743993              1.609860          16.0  16.0
StyblinskiTang         EI 51778.052311 36509.858561 37623.642861 42838.808923 37520.360454 51930.685917 42973.365658 38918.888397 32784.802724 42452.135328 415330.601133              1.636703          17.0  17.0
StyblinskiTang       qMES 54291.252649 39232.915888 46230.496392 35977.549827 36795.751282 36359.865837 50645.813488 41866.522122 34228.312531 46605.158080 422233.638095              1.663906          18.0  18.0
StyblinskiTang      llmgp 37817.462237 47241.725521 39768.492249 44133.633377 44896.243088 38807.815436 39608.045967 41253.449879 45630.163870 44702.866544 423859.898168              1.670315          19.0  19.0
StyblinskiTang  lmabo-ops 48124.603898 55799.962111 39031.392459 42330.964810 46959.319974 43969.564393 46751.910620 38247.566189 41584.671959 29069.204669 431869.161083              1.701877          20.0  20.0
StyblinskiTang  lmabo-ab4 51346.572742 39138.621253 45726.217858 37517.876706 46375.449788 34917.939037 53635.160962 42136.143703 39107.330241 44214.624578 434115.936868              1.710731          21.0  21.0
StyblinskiTang       qJES 61959.176759 59764.932846 55157.146054 67205.728982 53433.272224 53778.597855 52589.573242 44614.062666 59474.872900 57666.300043 565643.663569              2.229045          22.0  22.0
StyblinskiTang        UCB 60273.025122 71639.571410 60243.736434 74192.320475 63248.446193 53976.728478 63286.097940 60595.563266 67502.333837 39543.658917 614501.482072              2.421581          23.0  23.0
StyblinskiTang       qPES 64964.060229 75978.304779 60674.156209 96706.044118 65105.520230 54698.389258 72249.463948 61134.608402 75475.181389 60173.189127 687158.917689              2.707904          24.0  24.0
========================================================================================================================================================================================================
problem     method      run_1      run_2      run_3      run_4      run_5      run_6      run_7      run_8      run_9     run_10         sum  relative_performance  problem_rank  rank
 Shekel      LogEI 196.729345 194.051894 394.259888 428.925678 252.608437 386.771041 440.441664 417.920109 268.937806 407.364902 3388.010763              1.000000           1.0   1.0
 Shekel  lmabo-ops 186.385224 262.745999 421.375573 426.907922 262.753824 433.858414 435.478358 430.899011 384.639834 437.661516 3682.705674              1.086982           2.0   2.0
 Shekel       qMES 372.655643 221.861144 418.637943 427.957555 382.239654 425.302362 437.087741 420.581690 242.776671 381.137433 3730.237838              1.101011           3.0   3.0
 Shekel        UCB 397.223478 369.960117 377.913751 405.016880 387.389071 383.210193 399.250565 419.244325 279.278314 397.202244 3815.688938              1.126233           4.0   4.0
 Shekel no_past_bo 374.055656 246.384311 424.315292 425.865155 282.740796 359.393783 433.565849 431.677180 420.967939 426.868335 3825.834297              1.129227           5.0   5.0
 Shekel      lmabo 296.427069 383.727765 395.254506 407.896908 424.214237 380.633934 459.128924 437.247211 258.060575 401.101656 3843.692784              1.134498           6.0   6.0
 Shekel   setup_bo 458.713144 248.691262 425.529988 437.068981 403.111707 278.340888 435.851355 436.099964 341.371306 431.612433 3896.391028              1.150053           7.0   7.0
 Shekel        qKG 347.467661 245.343166 420.806066 450.092061 406.647977 396.758775 425.567629 415.271283 405.451381 423.411029 3936.817029              1.161985           8.0   8.0
 Shekel  lmabo-ab1 321.246610 398.339831 391.478506 446.814122 415.107197 432.607406 432.769672 441.305480 329.273653 404.122450 4013.064926              1.184490           9.0   9.0
 Shekel         EI 383.651697 376.665417 416.351609 391.464677 426.763118 320.537470 429.901107 434.298413 417.262992 421.347449 4018.243948              1.186019          10.0  10.0
 Shekel  lmabo-ab3 389.128663 263.713581 417.820336 430.213871 439.017184 416.670272 428.679113 440.647494 360.570712 437.884913 4024.346139              1.187820          11.0  11.0
 Shekel       qPES 407.006546 368.755313 394.668839 412.501156 365.995404 419.309172 412.715469 427.476658 419.207132 404.347567 4031.983255              1.190074          12.0  12.0
 Shekel      LogPI 292.711713 404.910587 408.422727 448.559537 440.166154 418.116460 436.332002 466.349127 286.097269 438.955168 4040.620744              1.192623          13.0  13.0
 Shekel  lmabo-ab2 318.591882 391.926328 414.448554 440.408901 440.662482 419.253356 462.070318 442.726346 340.299030 434.628489 4105.015688              1.211630          14.0  14.0
 Shekel       qJES 406.574644 374.804817 431.981792 396.028153 390.014871 435.238570 433.765733 437.687480 424.593906 399.602218 4130.292184              1.219091          15.0  15.0
 Shekel    gphedge 304.369388 397.936876 400.761694 426.236992 423.060547 417.486552 435.249142 450.041603 461.083532 438.130101 4154.356427              1.226193          16.0  16.0
 Shekel        esp 320.720713 380.369903 430.851867 437.566004 422.075026 411.577878 415.491253 483.860873 477.576360 442.567476 4222.657352              1.246353          17.0  17.0
 Shekel    PosMean 399.752239 404.678841 431.747121 430.393954 394.139201 436.536624 434.866951 460.990952 393.892947 439.777183 4226.776013              1.247569          18.0  18.0
 Shekel         TS 365.941191 432.855411 437.199697 452.970856 447.942788 399.428653 422.258188 456.098434 434.007618 436.175139 4284.877975              1.264718          19.0  19.0
 Shekel         PI 439.090835 404.368140 416.743890 443.745038 451.981139 405.126283 444.093494 473.074687 470.259057 429.676610 4378.159173              1.292251          20.0  20.0
 Shekel  lmabo-ab4 419.571167 445.668981 444.834915 476.596911 470.640468 396.073465 427.916523 476.536191 488.964092 429.117044 4475.919756              1.321106          21.0  21.0
 Shekel     llambo 493.685222 335.791007 489.686433 494.847773 472.474359 467.817697 488.352059 458.402758 357.634352 453.481719 4512.173380              1.331806          22.0  22.0
 Shekel      llmgp 480.214386 464.816834 463.138843 472.650650 464.657327 461.403381 477.774875 484.427795 472.312306 461.238138 4702.634535              1.388022          23.0  23.0
 Shekel     PosSTD 518.515190 486.881983 497.131729 510.348298 505.198300 515.079984 516.880897 490.378669 508.064691 492.796764 5041.276507              1.487975          24.0  24.0
========================================================================================================================================================================================================
     problem     method      run_1      run_2      run_3      run_4      run_5     run_6      run_7      run_8      run_9    run_10         sum  relative_performance  problem_rank  rank
SixHumpCamel      lmabo  49.885803  19.805291  26.415721  16.816719  25.645684 43.239953  23.723487  20.943221  76.128648 24.090065  326.694593              1.000000           1.0   1.0
SixHumpCamel        esp  32.959232  31.636434  12.144971  20.472943  26.236022 90.070162  16.810703  17.346149  52.100497 27.748428  327.525542              1.002544           2.0   2.0
SixHumpCamel        qKG  22.299338  23.803611  25.699838  28.979061  31.075617 38.269100  19.134131  11.288086 116.696746 23.959808  341.205337              1.044417           3.0   3.0
SixHumpCamel      LogPI  25.723744  32.800711  46.986766  68.506017  18.750252 52.045385  24.660235   5.237722  51.907107 17.508489  344.126427              1.053358           4.0   4.0
SixHumpCamel         PI  25.457772  32.685253   7.796517 106.106299  16.992097 56.500366  24.662776   5.598875  52.368567 16.387342  344.555863              1.054673           5.0   5.0
SixHumpCamel  lmabo-ab2  44.803787  57.389280  34.979417   2.513948  38.224611 50.870825  12.203512  24.039889  63.336996 27.817558  356.179823              1.090253           6.0   6.0
SixHumpCamel         EI  43.429317  24.048027  20.714846  27.445823  24.937744 49.751523  17.172629  10.623264 145.503500 16.346185  379.972858              1.163083           7.0   7.0
SixHumpCamel    PosMean  27.834045  32.991878  13.365721 131.698526  18.633279 52.150310  21.723121  13.189557  56.143912 17.350893  385.081243              1.178719           8.0   8.0
SixHumpCamel no_past_bo  52.455653  44.264353  29.961596  24.163182  31.998692 43.296974  22.143293  29.686842  69.770607 40.574428  388.315621              1.188620           9.0   9.0
SixHumpCamel  lmabo-ab1  42.033671  38.165254  19.996893  31.665866  39.147321 45.376241  19.160016  21.148009 108.297411 36.712596  401.703277              1.229599          10.0  10.0
SixHumpCamel      LogEI  47.788976  23.998372  20.631290   9.329706  26.674393 48.521212  18.187957  10.887358 190.874096 17.032149  413.925510              1.267011          11.0  11.0
SixHumpCamel  lmabo-ab4  49.700383  33.968142  32.571029  45.821828  34.418886 76.239814  52.970804  15.270326  59.920230 23.922512  424.803955              1.300309          12.0  12.0
SixHumpCamel       qJES  47.859801  26.113266  26.313310  16.440243  24.561506 36.303512  47.981390  11.858807 163.769642 28.545992  429.747468              1.315441          13.0  13.0
SixHumpCamel  lmabo-ops  71.519900  33.953815  16.303128  54.811500  23.047293 50.313148  30.123194  37.437173 156.148827 25.061136  498.719115              1.526561          14.0  14.0
SixHumpCamel  lmabo-ab3  39.530435 122.057148  23.629196  21.528201  51.256481 56.334907  16.193615  19.389948  74.058288 75.411714  499.389933              1.528614          15.0  15.0
SixHumpCamel      llmgp 107.415155  34.047464  22.421086  13.678576  33.742579 99.721752  44.409487  33.319591  87.485417 35.311117  511.552224              1.565842          16.0  16.0
SixHumpCamel         TS  42.211135 114.095722  27.612566  30.946119  70.365335 43.077099  29.557040  15.194481  80.890794 92.251040  546.201331              1.671902          17.0  17.0
SixHumpCamel        UCB  52.498207  46.112532  31.390906  30.952849  36.039229 70.512492  28.560975  51.325545 170.269276 41.810587  559.472598              1.712525          18.0  18.0
SixHumpCamel       qMES  39.451823  34.718870  20.401224  44.290649  24.064433 76.300442  18.649482  39.591616 228.994218 48.914306  575.377062              1.761208          19.0  19.0
SixHumpCamel    gphedge  68.218326 128.915001  28.889235  27.177533  27.876569 71.696405  53.682366  26.801496 172.404705 18.555081  624.216718              1.910704          20.0  20.0
SixHumpCamel     llambo  95.948904  63.951126  26.359247  32.850813 133.528736 79.492953  29.324263  39.976598 116.104145 77.882183  695.418966              2.128652          21.0  21.0
SixHumpCamel       qPES  48.114304 171.220692  12.351630  18.079081  42.407323 38.387505  37.222181  48.638006 267.275044 86.953852  770.649616              2.358930          22.0  22.0
SixHumpCamel   setup_bo  58.912955 170.486747  40.777117 161.445023  57.033466 56.101538  50.599973  33.366115 176.624415 56.233109  861.580456              2.637266          23.0  23.0
SixHumpCamel     PosSTD  47.908868 169.219371 123.070020 132.312303  63.117792 96.573640 267.183644 159.487381  96.355138 91.344170 1246.572327              3.815712          24.0  24.0
========================================================================================================================================================================================================
       problem     method        run_1        run_2       run_3        run_4        run_5        run_6       run_7        run_8        run_9       run_10           sum  relative_performance  problem_rank  rank
BucheRastrigin    PosMean  6810.466343  6968.076857 2146.272200  2723.043108  5732.638951  4353.301023 5023.686544  7745.059139  6451.732638  5041.401701  52995.678504              1.000000           1.0   1.0
BucheRastrigin         PI  4118.930026  9512.928329 3655.796836  4912.188537  5160.773511  4323.142982 4445.793804  6575.637940  5663.054827  6997.867995  55366.114789              1.044729           2.0   2.0
BucheRastrigin      LogPI  5017.628413  7640.059817 4543.395710  5455.012050  5541.460046  4228.712427 4878.452362  6813.298853  6707.980202  5136.805753  55962.805632              1.055988           3.0   3.0
BucheRastrigin      lmabo  6484.461866  8079.993209 3610.005387  4722.258260  6374.799943  5658.391659 4699.052090  7346.980768  6017.877010  4250.558006  57244.378197              1.080171           4.0   4.0
BucheRastrigin   setup_bo  5736.548615 10801.272021 3258.235941  5492.747556  6523.046377  5523.785728 5668.938520  8667.007087  4047.704558  3144.981847  58864.268250              1.110737           5.0   5.0
BucheRastrigin  lmabo-ab3  6082.835974  9177.989366 4686.030909  6794.268700  6689.148000  5652.265496 3792.836494  6618.461534  5327.242716  5548.526957  60369.606146              1.139142           6.0   6.0
BucheRastrigin no_past_bo  6232.549567 12514.102030 4786.482437  3857.398483  5593.006602  6893.084497 5010.440514  5306.380151  4909.302759  5981.188016  61083.935056              1.152621           7.0   7.0
BucheRastrigin  lmabo-ab2  5747.757176  9012.051801 4837.112983  5369.410362  6018.530018  7943.331129 5568.872759  7002.895087  4480.125898  5106.428971  61086.516184              1.152670           8.0   8.0
BucheRastrigin        esp  5256.955049 13278.969133 3029.113357  5307.978324  5956.996456  5704.820703 6971.420531  6804.851728  4711.560069  4688.836149  61711.501498              1.164463           9.0   9.0
BucheRastrigin    gphedge  6991.495187  9524.288848 4647.171148  4882.929395  4701.401795  4846.258010 4218.148927  7547.551525  7106.339975  7278.724435  61744.309245              1.165082          10.0  10.0
BucheRastrigin        qKG  4890.653290  9034.151904 4015.443485  4821.874812  6386.136123  5067.696491 6567.040045 11364.621872  5092.421461  7168.415237  64408.454719              1.215353          11.0  11.0
BucheRastrigin  lmabo-ab1  4921.896721 13284.599625 3982.415186  3042.393752  6480.836142  7229.892928 6038.709800  8171.332407  6796.518417  5643.556881  65592.151860              1.237689          12.0  12.0
BucheRastrigin  lmabo-ops  5393.811200 10810.533966 5410.965632  4406.066150  8617.073521  8238.830053 6971.420531  6949.858132  3548.458857  7143.524632  67490.542675              1.273510          13.0  13.0
BucheRastrigin         EI  8243.579246  9418.670333 2610.434240  4958.919300  5977.943762  7056.148398 6054.596191  7444.249500  7339.453430  8886.008689  67990.003090              1.282935          14.0  14.0
BucheRastrigin       qJES  6030.873060  9152.466209 5410.965632  4577.805238  5991.618266  9624.924589 6971.420531  9536.682823  6070.517938  5028.113281  68395.387568              1.290584          15.0  15.0
BucheRastrigin      LogEI  3904.157012 12649.705474 3623.461622  4610.675940 10044.836477  9745.262919 6012.054695  6659.936737  9751.773904  4200.405765  71202.270546              1.343549          16.0  16.0
BucheRastrigin         TS  8446.599165  9414.016925 4790.627077  9166.450120  8039.556090  5985.313688 4693.564532  7866.180508  7854.656235  7335.210566  73592.174906              1.388645          17.0  17.0
BucheRastrigin       qMES  8212.751748  8558.802745 5410.965632  2559.296950  8584.769075 11835.359930 6550.495437  7662.612315  9135.755837  7737.676121  76248.485792              1.438768          18.0  18.0
BucheRastrigin  lmabo-ab4  2966.343147 12329.984479 5410.965632  5781.609602 10979.466458  7635.488145 5953.028729  8260.675415 10712.400885 10743.308126  80773.270617              1.524148          19.0  19.0
BucheRastrigin      llmgp  7421.086513 13062.232272 4976.434668  7748.249800  6324.570782  9263.408889 6230.779927 13122.391251  9154.094182  9034.991249  86338.239532              1.629156          20.0  20.0
BucheRastrigin     llambo  8119.270486 11702.190719 5410.966079  6837.967514  8383.887252  9439.211273 5502.272262 11730.198955 12563.724739  6899.901138  86589.590418              1.633899          21.0  21.0
BucheRastrigin        UCB  8529.596611 24137.340548 4692.755281  8223.919670 13665.982639  9188.613399 6948.764222 13373.934380 10969.140672  7882.782227 107612.829651              2.030596          22.0  22.0
BucheRastrigin       qPES 10555.255760 12639.738627 5410.965632 15522.830028 13965.007046 22129.105715 6632.692091 17693.960558 14404.960970  9395.978505 128350.494931              2.421905          23.0  23.0
BucheRastrigin     PosSTD 11002.962599 18748.249113 5410.965632 32826.634916 14620.789846  3374.537976 4035.267837 14782.068177 22316.467095 12748.511860 139866.455050              2.639205          24.0  24.0
========================================================================================================================================================================================================
    problem     method       run_1       run_2       run_3       run_4       run_5       run_6       run_7       run_8       run_9      run_10          sum  relative_performance  problem_rank  rank
LinearSlope      LogEI   59.778232   84.783275   51.066537   42.493770   36.866452   51.415184   64.494323   91.653735   31.531262   80.552636   594.635405              1.000000           1.0   1.0
LinearSlope         EI   59.778232   84.783275   51.066537   42.493770   36.866452   51.415184   64.494323   91.653735   31.531262   80.552636   594.635405              1.000000           1.0   1.0
LinearSlope    PosMean   59.778232   84.783275   51.066537   42.493770   36.866452   51.415184   64.494323   91.653735   31.531262   80.552636   594.635405              1.000000           1.0   1.0
LinearSlope        UCB   59.778232   84.783275   51.066537   42.493770   36.866452   51.415184   64.494323   91.653735   31.531262   80.552636   594.635405              1.000000           1.0   1.0
LinearSlope      lmabo   59.778232   84.783275   51.066537   42.493770   36.866452   51.415184   64.494323   91.653735   31.531262   80.552636   594.635405              1.000000           1.0   1.0
LinearSlope  lmabo-ops   59.778232   84.783275   51.066537   42.493770   36.866452   51.415184   64.494323   91.653735   31.531262   80.552636   594.635405              1.000000           1.0   1.0
LinearSlope       qJES   59.778232   84.783275   51.066537   42.493770   36.866452   51.415184   64.494323   91.653735   31.531262   80.552636   594.635405              1.000000           1.0   1.0
LinearSlope      LogPI   59.778232   85.303686   61.066029   47.473033   44.864872   59.823012   71.643629  104.965211   31.562707   80.585722   647.066134              1.088173           8.0   8.0
LinearSlope  lmabo-ab2   59.778232   84.783275   51.066537   42.493770   36.866452  154.245552   64.494323   91.653735   31.531262   80.552636   697.465773              1.172930           9.0   9.0
LinearSlope  lmabo-ab1   59.778232   84.783275   51.066537  212.468852  110.599355   51.415184   64.494323   91.653735   31.531262   80.552636   838.343390              1.409844          10.0  10.0
LinearSlope    gphedge   83.659007   84.783275   51.066537  214.290371  110.599355   63.272802   92.025028   91.653735   31.531262  314.417808  1137.299179              1.912599          11.0  11.0
LinearSlope  lmabo-ab3   59.778232  132.233278  144.802218  136.238255   52.007030  219.163042  193.231797   91.653735   94.593785   80.552636  1204.254009              2.025197          12.0  12.0
LinearSlope no_past_bo   59.778232   84.783275  183.919055  212.468852   36.866452   51.415184  375.280649   91.653735   31.531262   80.552636  1208.249332              2.031916          13.0  13.0
LinearSlope        qKG   59.778232   85.386466   54.103953   42.493770  184.332258   51.415184  193.482968  216.836754   31.531262  565.363004  1484.723851              2.496864          14.0  14.0
LinearSlope       qPES 1172.267040  151.430401  383.279750  127.481311   36.866452   51.415184  254.230982   91.653735  153.999356  198.335430  2620.959641              4.407675          15.0  15.0
LinearSlope        esp   66.919243  126.957743  179.040070  193.988427   79.427093  506.922932  682.346448  173.846188  337.992789  493.491151  2840.932084              4.777603          16.0  16.0
LinearSlope   setup_bo  116.418183 1890.575944   51.066537   42.493770   36.866452  210.441548  220.191004   91.653735  201.362304   80.552636  2941.622112              4.946934          17.0  17.0
LinearSlope         PI  483.593527  198.658619  434.153320  460.194231  467.336461  379.077006  343.029128  375.631113  289.537161  102.188792  3533.399358              5.942127          18.0  18.0
LinearSlope         TS  615.223288  592.147780  503.082147  242.035228  458.869980  430.807581  646.572011  639.497653  550.608772  540.409991  5219.254431              8.777235          19.0  19.0
LinearSlope  lmabo-ab4  106.485886 1205.309548  100.183734  762.483990 2259.325160   51.415184   85.054916  644.495247  607.237783  489.626257  6311.617706             10.614265          20.0  20.0
LinearSlope      llmgp 1580.106970 1372.379880 1559.251395 1365.765936 1299.292694 1710.732605 1525.895184 1507.159651 1366.174204 1582.037042 14868.795561             25.004894          21.0  21.0
LinearSlope     llambo 2098.252250 1545.423167 1594.949799 2948.604589 2782.894440 2894.371511 2366.215782 2792.674607 2031.185178 2709.730889 23764.302213             39.964493          22.0  22.0
LinearSlope       qMES 4225.531534 4262.903907 3357.394064 4158.738503 3666.062331 3826.269780 4240.284305 4410.601460 3153.126171 3898.216652 39199.128706             65.921283          23.0  23.0
LinearSlope     PosSTD 5977.823214 4414.423887 5106.653662 4249.377035 3612.073350 3919.589828 6449.432251 5623.183562 3153.126171 6868.657107 49374.340066             83.032964          24.0  24.0
========================================================================================================================================================================================================
         problem     method        run_1        run_2        run_3         run_4         run_5        run_6        run_7        run_8         run_9       run_10          sum  relative_performance  problem_rank  rank
AttractiveSector         PI 1.343480e+05 2.919693e+05 3.465321e+04 102740.396734   6553.011218 1.041464e+05 1.574160e+05 4.652433e+05  15797.436778 1.378804e+05 1.450747e+06              1.000000           1.0   1.0
AttractiveSector      LogPI 1.343479e+05 3.254928e+05 3.238902e+04 104350.604884   6566.517482 1.103514e+05 1.460998e+05 4.666174e+05  22696.452582 1.376160e+05 1.486528e+06              1.024663           2.0   2.0
AttractiveSector         TS 1.373868e+05 2.347135e+05 1.465476e+05 110636.245389  13164.847389 1.109469e+05 1.108832e+05 4.503214e+05  14736.466249 1.623558e+05 1.491693e+06              1.028224           3.0   3.0
AttractiveSector      lmabo 1.534296e+05 2.451451e+05 7.277016e+04 136796.495639   7556.038283 2.727742e+05 2.315170e+05 4.671936e+05  28740.680045 1.940242e+05 1.809947e+06              1.247596           4.0   4.0
AttractiveSector    PosMean 1.347678e+05 3.970798e+05 7.908818e+04 137171.969151   6921.066586 1.678585e+05 2.511480e+05 4.858185e+05  16346.082989 1.402772e+05 1.816477e+06              1.252097           5.0   5.0
AttractiveSector       qMES 2.563812e+05 3.289486e+05 9.347673e+04 138917.974386  74415.899941 1.857144e+05 2.031035e+05 4.759960e+05  15711.150369 1.397645e+05 1.912430e+06              1.318238           6.0   6.0
AttractiveSector   setup_bo 1.341590e+05 3.063031e+05 1.018911e+05 217453.393242   7607.253332 4.421376e+05 3.407320e+05 4.641899e+05  39020.573300 1.364785e+05 2.189972e+06              1.509548           7.0   7.0
AttractiveSector      LogEI 2.691251e+05 2.837822e+05 1.923840e+05 163378.365885   9568.271320 2.271656e+05 3.396450e+05 4.727452e+05 124281.877803 1.676022e+05 2.249678e+06              1.550703           8.0   8.0
AttractiveSector       qJES 2.893942e+05 2.372761e+05 2.068014e+05 337360.598554  10459.033382 3.774833e+05 1.424010e+05 4.684908e+05  17710.314906 2.111620e+05 2.298539e+06              1.584382           9.0   9.0
AttractiveSector  lmabo-ops 2.717737e+05 2.510483e+05 3.061679e+05 185607.322480  72642.718341 2.368693e+05 3.266805e+05 4.519286e+05  44109.995159 1.848687e+05 2.331697e+06              1.607239          10.0  10.0
AttractiveSector      llmgp 2.813267e+05 3.684532e+05 1.330516e+05 256962.157959  42389.211216 2.087956e+05 2.316414e+05 7.481935e+05  16169.677757 2.108506e+05 2.497834e+06              1.721756          11.0  11.0
AttractiveSector        qKG 2.500950e+05 4.691021e+05 1.838809e+05 155323.289992   8749.676269 5.599559e+05 2.658540e+05 4.486065e+05  36401.129567 1.406068e+05 2.518575e+06              1.736054          12.0  12.0
AttractiveSector  lmabo-ab3 2.516151e+05 3.477946e+05 3.313175e+05 339145.415811  18100.993540 2.145978e+05 3.652036e+05 5.302017e+05  17493.845276 1.416075e+05 2.557078e+06              1.762594          13.0  13.0
AttractiveSector no_past_bo 4.022474e+05 2.726566e+05 3.387195e+05 118658.220754  39829.451949 2.702807e+05 2.557220e+05 4.474098e+05  95071.675352 3.414224e+05 2.582018e+06              1.779784          14.0  14.0
AttractiveSector         EI 2.682005e+05 5.804279e+05 1.439804e+05 135353.762558   8523.792001 2.116266e+05 6.582357e+05 5.324103e+05  16383.289066 1.376239e+05 2.692766e+06              1.856123          15.0  15.0
AttractiveSector  lmabo-ab1 3.844274e+05 3.048389e+05 1.582982e+05 135367.403113  52537.152007 2.173530e+05 2.171797e+05 7.635516e+05  26813.532040 4.388813e+05 2.699248e+06              1.860591          16.0  16.0
AttractiveSector  lmabo-ab4 1.671666e+05 9.548663e+05 3.663897e+05 136847.706324  55596.821366 1.117948e+05 2.630672e+05 4.754039e+05  56089.782923 1.355923e+05 2.722815e+06              1.876836          17.0  17.0
AttractiveSector        esp 4.020218e+05 2.318336e+05 1.575967e+05 102313.087875  23712.273179 5.174943e+05 4.500088e+05 6.557153e+05  54596.711813 1.678088e+05 2.763101e+06              1.904605          18.0  18.0
AttractiveSector  lmabo-ab2 4.026437e+05 2.416235e+05 3.068717e+05 366876.488843  45354.412917 3.145541e+05 2.996552e+05 7.867975e+05  16368.192271 2.660099e+05 3.046755e+06              2.100128          19.0  19.0
AttractiveSector    gphedge 2.545628e+05 2.336718e+05 2.509688e+05 297782.144268  28146.457291 4.766321e+05 3.998817e+05 4.664713e+05  22673.887884 7.405796e+05 3.171371e+06              2.186025          20.0  20.0
AttractiveSector        UCB 4.183071e+05 1.025245e+06 2.112617e+05 445579.838790  86160.588747 3.850007e+05 4.321404e+05 5.223326e+05  70981.776699 1.565909e+05 3.753601e+06              2.587357          21.0  21.0
AttractiveSector     llambo 3.345299e+05 6.260955e+05 9.744938e+04 373512.826582 250725.313726 5.395360e+05 1.433153e+06 1.263264e+06 190567.597234 5.788297e+05 5.687663e+06              3.920506          22.0  22.0
AttractiveSector       qPES 4.972274e+05 2.589202e+05 1.031302e+06 853787.385447 164908.866474 1.606511e+06 5.422352e+05 2.040802e+06  35066.198314 1.480076e+06 8.510836e+06              5.866518          23.0  23.0
AttractiveSector     PosSTD 6.897226e+06 1.621645e+06 2.920116e+06 280092.941074   6216.786318 3.028062e+06 6.085483e+06 1.424865e+06 287926.083878 1.698106e+05 2.272144e+07             15.661888          24.0  24.0
========================================================================================================================================================================================================
      problem     method       run_1       run_2       run_3       run_4       run_5       run_6       run_7       run_8       run_9      run_10          sum  relative_performance  problem_rank  rank
StepEllipsoid     llambo 1905.182835 2305.005620  420.340134  573.788403  987.465398 1569.458947 1548.437421 1355.375432 1311.415654 1006.843629 12983.313473              1.000000           1.0   1.0
StepEllipsoid      lmabo 1245.550601 2350.646098 1733.596652 1381.277238 1486.352908 1734.177576 2029.098077  997.222395 1346.326941 1545.819402 15850.067889              1.220803           2.0   2.0
StepEllipsoid    PosMean 3943.186889 1705.707382 1490.702446 1650.642069 1373.788683 1682.753190 1687.927518 1434.242004 1430.001206 1174.759636 17573.711024              1.353561           3.0   3.0
StepEllipsoid         PI 4498.927359 1876.030521 1575.301498 2306.754457 1482.582336  744.154289 1655.529788 1820.903801 1128.119667 1295.359552 18383.663267              1.415945           4.0   4.0
StepEllipsoid      LogPI 4625.685743 1800.360077 2253.212547 1318.834061 1416.976806  803.900266 1655.529788 1245.493813 1839.907917 1721.985477 18681.886496              1.438915           5.0   5.0
StepEllipsoid    gphedge 3401.046181 2031.121547 1692.472024 2374.265118 1105.947037 2142.694059 1542.230070 1115.255659 2313.103740 1149.791167 18867.926601              1.453244           6.0   6.0
StepEllipsoid      LogEI 2018.562119 1589.117966 2259.225167 2637.403053 1202.060826 2338.121325 2018.781634 1502.561352 2013.852889 1773.776579 19353.462913              1.490641           7.0   7.0
StepEllipsoid        esp 3291.541238 2996.429118  885.754997 2010.900471 2230.065309 1951.169252 1745.636619 1556.094848 1928.237050 1510.288686 20106.117589              1.548612           8.0   8.0
StepEllipsoid        qKG 2838.502696 2044.292238 1469.457986 1204.902328 1920.933457 2776.858549 2027.832965 1953.524642 1953.288397 2156.406626 20345.999884              1.567088           9.0   9.0
StepEllipsoid  lmabo-ab1 2351.634934 1598.839325 1277.110903 4140.875691 1514.838754 2233.739405 2658.804573 1657.116859 2089.968436 2311.941521 21834.870400              1.681764          10.0  10.0
StepEllipsoid  lmabo-ab2 2984.807702 2091.311108 1034.829650 2592.012030 1951.990786 1710.631944 2495.992587 2851.692757 3016.443517 1210.988832 21940.700915              1.689915          11.0  11.0
StepEllipsoid         EI 2657.222474 1835.949902 1400.244544 4332.664896 1964.417040 1552.444925 2940.301664 2020.493128 1729.714046 1851.169356 22284.621974              1.716405          12.0  12.0
StepEllipsoid   setup_bo 3744.253419 1488.685887 2045.869953 3602.821670 1959.318407 1452.937366 2563.854117 2054.905145 2180.268535 1565.655665 22658.570163              1.745207          13.0  13.0
StepEllipsoid no_past_bo 3348.043095 2193.823863 2178.237988 2571.992944 1846.021295 2519.038226 2527.878801 1676.104341 2899.502572 1243.728362 23004.371487              1.771841          14.0  14.0
StepEllipsoid  lmabo-ops 3132.867116 2135.534256 1464.957099 2779.800992 2661.615327 1866.265597 1970.981920 4070.693925 2320.395634 1802.683992 24205.795857              1.864377          15.0  15.0
StepEllipsoid      llmgp 4656.789799 2774.193709 1467.788433 2142.294150 2072.207650 2122.341367 1804.545375 3458.099901 4152.591971 1125.934403 25776.786758              1.985378          16.0  16.0
StepEllipsoid  lmabo-ab4 2410.091345 3106.598310 2237.239148 2632.331942 1388.579189 2158.276556 4221.637663 5003.232969 1268.973396 2044.255320 26471.215839              2.038864          17.0  17.0
StepEllipsoid  lmabo-ab3 3088.613737 3812.581686 1898.830779 2713.887636 2239.480407 1409.582282 2821.784230 4136.949435 2315.489777 2128.885062 26566.085031              2.046171          18.0  18.0
StepEllipsoid       qMES 2444.739876 4030.734326 1652.002543 3177.374865 3299.006988 3564.830301 3071.752245 2961.723884 2103.271786 2399.691460 28705.128274              2.210925          19.0  19.0
StepEllipsoid       qJES 4090.627524 4583.002145 2640.635018 2654.568572 1958.737752 3631.410996 2071.915332 4034.864316 2243.638987 2289.087472 30198.488114              2.325946          20.0  20.0
StepEllipsoid         TS 2732.655559 3634.806454 2421.911007 3594.282168 3158.515216 3623.453519 3152.204619 4151.801679 2260.374592 2192.557876 30922.562687              2.381716          21.0  21.0
StepEllipsoid        UCB 4728.518592 4632.133764  998.298649 3758.232218 4360.178589 5616.290827 3442.930550 4533.871457 4962.784327 2819.503813 39852.742785              3.069536          22.0  22.0
StepEllipsoid     PosSTD 3867.779782 6301.587508 4095.470564 8165.240739 3049.470599 6755.811748 5861.528164 3139.838741 1552.933742 4993.782627 47783.444214              3.680374          23.0  23.0
StepEllipsoid       qPES 5180.089466 8512.178512 3199.572276 6625.475934 2578.436990 3948.321783 6470.562693 6595.732511 6590.744992 4054.039657 53755.154815              4.140326          24.0  24.0
========================================================================================================================================================================================================
problem     method        run_1         run_2        run_3        run_4        run_5        run_6        run_7        run_8        run_9       run_10          sum  relative_performance  problem_rank  rank
 Discus      LogPI 2.457780e+06  63815.072615 2.181808e+07 3.237235e+06 1.057244e+06 5.536217e+06 3.345892e+06 4.244098e+05 1.241241e+06 1.758769e+06 4.094069e+07              1.000000           1.0   1.0
 Discus         PI 2.016496e+06 105954.146501 2.215512e+07 2.934784e+06 1.244313e+06 1.556966e+07 2.614506e+06 3.118857e+05 1.188236e+06 2.612379e+06 5.075333e+07              1.239680           2.0   2.0
 Discus      lmabo 3.542225e+06  93729.665799 2.877512e+07 3.201505e+06 1.851184e+06 8.063006e+06 4.265408e+06 3.596023e+05 3.430900e+05 9.919562e+05 5.148682e+07              1.257595           3.0   3.0
 Discus    gphedge 4.714807e+06 351388.159398 2.676052e+07 3.910808e+06 2.609412e+06 9.287081e+06 2.414395e+06 5.487137e+05 3.077707e+05 1.019354e+06 5.192425e+07              1.268280           4.0   4.0
 Discus    PosMean 4.445388e+06 456340.635054 2.600702e+07 4.423273e+06 3.420742e+06 6.937312e+06 2.635389e+06 3.477696e+05 5.563688e+05 3.988257e+06 5.321786e+07              1.299877           5.0   5.0
 Discus      LogEI 1.602718e+06 168218.924256 2.402305e+07 6.205030e+06 9.257330e+05 1.083358e+07 3.674239e+06 7.569572e+05 3.089798e+06 2.080499e+06 5.335982e+07              1.303345           6.0   6.0
 Discus  lmabo-ab1 3.855593e+06 200730.901295 2.444043e+07 6.547773e+06 5.489956e+06 6.566662e+06 8.260138e+06 2.429231e+05 1.291122e+06 2.987975e+06 5.988330e+07              1.462684           7.0   7.0
 Discus   setup_bo 2.372990e+06 305041.412973 2.165849e+07 7.718916e+06 5.932864e+06 6.477854e+06 2.754984e+06 7.275856e+05 3.560535e+06 9.473285e+06 6.098255e+07              1.489534           8.0   8.0
 Discus         EI 1.684730e+06  87029.693408 3.065423e+07 5.228067e+06 4.628744e+06 1.196285e+07 9.548817e+05 1.025711e+06 9.477077e+05 5.784118e+06 6.295806e+07              1.537787           9.0   9.0
 Discus  lmabo-ab2 3.533190e+06  70134.544506 3.060918e+07 8.648425e+06 5.220367e+06 8.987579e+06 3.576536e+06 3.823625e+05 1.261299e+06 1.211200e+06 6.350028e+07              1.551031          10.0  10.0
 Discus        esp 9.481801e+06  66933.784593 1.998927e+07 6.522468e+06 7.101581e+05 1.803249e+07 5.224387e+06 1.214449e+05 1.484174e+06 2.275578e+06 6.390871e+07              1.561007          11.0  11.0
 Discus  lmabo-ab3 3.585877e+06 202758.442065 2.063274e+07 4.157256e+06 3.513817e+06 2.083882e+07 4.445685e+06 1.070011e+06 1.234835e+06 6.109933e+06 6.579174e+07              1.607001          12.0  12.0
 Discus       qMES 4.225860e+06 169385.828212 2.498352e+07 4.419877e+06 3.478530e+06 1.895828e+07 8.434689e+06 4.365228e+05 8.109324e+05 1.375717e+06 6.729331e+07              1.643678          13.0  13.0
 Discus  lmabo-ab4 8.462136e+06 111329.567164 2.579945e+07 8.414319e+06 5.829234e+06 5.893856e+06 3.422462e+06 7.294635e+05 1.348976e+05 9.182423e+06 6.797958e+07              1.660441          14.0  14.0
 Discus  lmabo-ops 6.723889e+06  60506.360297 3.537664e+07 2.137478e+06 6.081834e+06 8.053303e+06 7.304897e+06 5.322831e+05 1.422619e+05 3.957937e+06 7.037103e+07              1.718853          15.0  15.0
 Discus no_past_bo 1.061558e+07 221460.681055 2.366127e+07 7.334633e+06 2.103035e+06 8.495578e+06 9.885195e+06 7.470692e+05 1.258204e+06 1.103322e+07 7.535524e+07              1.840596          16.0  16.0
 Discus        qKG 7.506668e+06 347531.519502 2.961569e+07 2.474022e+06 2.058841e+06 2.663981e+07 7.019198e+06 3.483368e+05 2.412853e+06 1.015810e+06 7.943877e+07              1.940338          17.0  17.0
 Discus         TS 2.433023e+06 172670.625810 2.880616e+07 8.855231e+06 2.243467e+06 6.436011e+06 2.645345e+06 4.034078e+05 1.296224e+06 2.714317e+07 8.043472e+07              1.964665          18.0  18.0
 Discus       qJES 4.956062e+06 209263.347290 3.854487e+07 2.051346e+06 3.135059e+06 1.715057e+07 3.652561e+06 1.029279e+06 4.045357e+06 8.087375e+06 8.286175e+07              2.023946          19.0  19.0
 Discus        UCB 1.882457e+07 266578.624579 2.963027e+07 1.237285e+07 6.210407e+06 9.698440e+06 1.265092e+07 8.099041e+04 1.772162e+06 8.427658e+06 9.993485e+07              2.440967          20.0  20.0
 Discus     llambo 6.431933e+06  70974.092024 1.797298e+07 4.568665e+07 2.012679e+07 1.032693e+07 5.729881e+06 1.374719e+06 4.991163e+06 1.052730e+07 1.232393e+08              3.010191          21.0  21.0
 Discus      llmgp 6.049366e+06 211111.063311 5.300741e+07 1.293844e+07 1.491098e+06 2.931158e+07 1.444714e+07 8.513879e+05 2.342849e+06 8.515190e+06 1.291656e+08              3.154944          22.0  22.0
 Discus       qPES 1.501427e+07 345835.943991 5.039280e+07 4.905809e+07 1.541353e+07 1.298703e+07 2.430720e+07 2.307930e+06 1.123768e+07 2.912580e+07 2.101902e+08              5.134016          23.0  23.0
 Discus     PosSTD 1.516214e+08 512760.345694 3.452401e+07 1.926495e+08 2.631296e+07 3.193574e+08 7.371580e+05 2.522716e+06 1.141376e+07 3.268147e+06 7.429198e+08             18.146248          24.0  24.0
========================================================================================================================================================================================================
  problem     method        run_1        run_2        run_3        run_4        run_5        run_6        run_7        run_8        run_9       run_10          sum  relative_performance  problem_rank  rank
BentCigar      lmabo 3.729608e+08 3.694164e+08 5.099352e+08 5.636167e+08 4.602271e+08 4.356195e+08 1.324126e+09 8.558226e+08 1.448368e+09 4.409453e+08 6.781038e+09              1.000000           1.0   1.0
BentCigar         PI 3.209263e+08 2.031055e+08 5.925418e+08 5.127409e+08 9.517467e+08 9.763118e+08 3.689569e+08 8.548222e+08 1.775528e+09 2.683578e+08 6.825037e+09              1.006489           2.0   2.0
BentCigar         TS 6.729884e+08 7.759444e+08 6.827627e+08 6.177785e+08 4.027645e+08 1.194493e+09 9.314760e+08 3.958334e+08 1.025862e+09 7.386504e+08 7.438553e+09              1.096964           3.0   3.0
BentCigar    PosMean 4.385044e+08 4.660423e+08 4.414677e+08 1.007256e+09 6.212932e+08 1.123502e+09 7.313259e+08 4.425306e+08 1.718987e+09 8.159796e+08 7.806888e+09              1.151282           4.0   4.0
BentCigar  lmabo-ab4 5.620764e+08 8.723910e+08 4.456087e+08 7.079534e+08 1.275874e+09 1.202942e+09 7.867605e+08 8.323567e+08 1.013687e+09 2.295120e+08 7.929162e+09              1.169314           5.0   5.0
BentCigar  lmabo-ab1 5.717105e+08 9.274588e+08 5.674018e+08 5.469520e+08 6.277222e+08 1.504302e+09 7.459722e+08 4.929130e+08 1.100142e+09 9.166607e+08 8.001235e+09              1.179943           6.0   6.0
BentCigar no_past_bo 6.519583e+08 4.497349e+08 5.565234e+08 1.167735e+09 3.981863e+08 4.425577e+08 7.741463e+08 7.084900e+08 1.881729e+09 1.159416e+09 8.190477e+09              1.207850           7.0   7.0
BentCigar    gphedge 1.585286e+09 2.968232e+08 4.429577e+08 6.425252e+08 9.036362e+08 9.620201e+08 3.976602e+08 9.507027e+08 1.668631e+09 4.040665e+08 8.254309e+09              1.217263           8.0   8.0
BentCigar   setup_bo 9.457209e+08 3.649481e+08 5.951820e+08 8.992806e+08 7.197045e+08 1.808807e+09 7.704442e+08 8.863822e+08 1.138692e+09 3.441309e+08 8.473292e+09              1.249557           9.0   9.0
BentCigar  lmabo-ops 5.234960e+08 1.083552e+09 6.204686e+08 5.261869e+08 6.581679e+08 1.043033e+09 9.072302e+08 7.263779e+08 1.403484e+09 1.007064e+09 8.499061e+09              1.253357          10.0  10.0
BentCigar      LogPI 2.360218e+08 5.539865e+08 4.633764e+08 4.191046e+08 2.432251e+09 1.435162e+09 2.667321e+08 4.898133e+08 1.598309e+09 6.520114e+08 8.546769e+09              1.260392          11.0  11.0
BentCigar      LogEI 6.135176e+08 2.599570e+08 7.111213e+08 7.049083e+08 1.506027e+09 1.161302e+09 6.090077e+08 6.849924e+08 1.899841e+09 4.949947e+08 8.645669e+09              1.274977          12.0  12.0
BentCigar       qJES 7.655912e+08 1.056710e+09 4.290088e+08 2.876090e+08 1.212562e+09 1.268759e+09 1.008009e+09 2.057175e+08 1.437213e+09 1.226513e+09 8.897692e+09              1.312143          13.0  13.0
BentCigar         EI 5.870717e+08 6.768846e+08 4.805412e+08 4.939685e+08 1.551296e+09 1.599859e+09 9.184258e+08 8.722745e+08 2.188204e+09 5.535435e+08 9.922070e+09              1.463208          14.0  14.0
BentCigar  lmabo-ab2 1.697577e+09 6.501191e+08 6.695198e+08 7.963795e+08 1.297722e+09 1.102387e+09 4.090941e+08 4.884401e+08 1.448773e+09 1.376084e+09 9.936096e+09              1.465277          15.0  15.0
BentCigar  lmabo-ab3 3.767273e+08 6.951878e+08 3.516037e+08 5.733828e+08 8.775356e+08 2.042554e+09 1.585644e+09 1.106142e+09 1.656239e+09 9.509496e+08 1.021597e+10              1.506549          16.0  16.0
BentCigar       qMES 4.173172e+08 1.677314e+09 5.754184e+08 6.849118e+08 7.243842e+08 1.641782e+09 1.850253e+09 1.129039e+09 1.607949e+09 5.222577e+08 1.083063e+10              1.597193          17.0  17.0
BentCigar        esp 9.912804e+08 8.612128e+08 8.299154e+08 1.051851e+09 1.013181e+09 1.455084e+09 1.552835e+09 5.553599e+08 2.046499e+09 5.768067e+08 1.093403e+10              1.612441          18.0  18.0
BentCigar        qKG 8.619487e+08 1.279825e+09 4.666469e+08 7.893618e+08 9.272152e+08 2.213617e+09 1.772832e+09 7.930407e+08 1.350188e+09 8.249090e+08 1.127959e+10              1.663401          19.0  19.0
BentCigar     llambo 9.399808e+08 1.078853e+09 1.317783e+09 4.433700e+08 9.811778e+08 1.592923e+09 1.151548e+09 1.271327e+09 1.333701e+09 1.221462e+09 1.133212e+10              1.671149          20.0  20.0
BentCigar       qPES 1.076930e+09 1.081195e+09 1.124950e+09 7.675854e+08 8.186359e+08 2.671854e+09 2.004772e+09 1.215602e+09 2.158511e+09 6.823321e+08 1.360237e+10              2.005942          21.0  21.0
BentCigar        UCB 1.942649e+09 1.413428e+09 8.144852e+08 8.871511e+08 1.246059e+09 1.380720e+09 6.843508e+08 1.016808e+09 2.509998e+09 1.811269e+09 1.370692e+10              2.021360          22.0  22.0
BentCigar      llmgp 1.500217e+09 3.252530e+09 1.317783e+09 3.342308e+09 2.064372e+09 2.274175e+09 5.326614e+08 1.849476e+09 3.202983e+09 2.073267e+09 2.140977e+10              3.157300          23.0  23.0
BentCigar     PosSTD 3.285966e+09 1.636456e+09 9.323569e+08 2.786566e+09 7.575297e+09 1.297056e+09 9.689461e+08 1.453612e+09 1.056178e+09 1.997299e+09 2.298973e+10              3.390297          24.0  24.0
========================================================================================================================================================================================================
   problem     method        run_1        run_2        run_3        run_4        run_5        run_6        run_7        run_8        run_9       run_10           sum  relative_performance  problem_rank  rank
SharpRidge         PI  6328.471194  6160.114825 10022.918348 11237.219028  9261.207065  7850.043442  7659.661408  5834.567903 11415.308064  7220.405306  82989.916583              1.000000           1.0   1.0
SharpRidge      LogPI  7513.129956 11171.926422  7999.657138 11034.814930  8173.340662  8586.211581  9745.017359  9770.157829  7527.892660  4184.076908  85706.225444              1.032731           2.0   2.0
SharpRidge         EI  8588.625227  6305.881055 11981.564093  9900.013487  8834.956721 11649.927891  8581.700747  6262.260131 10214.688209  7121.671112  89441.288672              1.077737           3.0   3.0
SharpRidge      LogEI  7045.615109  9475.958054 11127.135789  8445.695966  9619.282398 13381.721448  8305.123894  7878.020671 10737.798963  6926.975877  92943.328167              1.119935           4.0   4.0
SharpRidge      lmabo  7832.431102  8664.797836  9976.573721  8734.534540  9998.425144 11262.678772  9925.193950  8154.137780 11864.680864  6608.227277  93021.680987              1.120879           5.0   5.0
SharpRidge  lmabo-ab1  8071.865360  9944.096767 11101.804072  9552.085536  8242.303859 10991.602466 12530.359567  7922.645822  9612.339170  5468.301254  93437.403875              1.125889           6.0   6.0
SharpRidge    PosMean  5262.638158  7125.527929 11778.357774 12836.314080  5464.442082 17965.085806 11040.793578  9487.641790 12248.646851  6734.432297  99943.880347              1.204289           7.0   7.0
SharpRidge no_past_bo  7676.716167  8352.290317 10915.021294 14713.224306 11833.576546 12020.269553  9252.022247  7524.774813 10165.758434 10786.929271 103240.582949              1.244014           8.0   8.0
SharpRidge  lmabo-ab3  4919.134513 11851.278915 13871.566797  8295.036673  8587.756878 12303.874601 11571.611370 13032.337432 13469.058950  7629.269523 105530.925651              1.271611           9.0   9.0
SharpRidge  lmabo-ab2  6848.983263  8166.576115 14846.376847  9242.512524  8981.408158 23554.530885  9106.276712 10679.255889  9037.770151  6685.252215 107148.942759              1.291108          10.0  10.0
SharpRidge   setup_bo 11613.695848 10710.063817 15432.458353 10405.198629 10038.873379 16772.521096  9733.496606  6489.499863 11458.732491  7293.641016 109948.181099              1.324838          11.0  11.0
SharpRidge    gphedge 11574.991837  8199.037131 10709.448662 13898.742942 12297.816184 13330.170772 10280.480324 11361.456031 10901.726039  7710.941229 110264.811151              1.328653          12.0  12.0
SharpRidge       qJES  5194.055167 10721.324795 13093.177983 13676.450158 12234.067080 14978.335230 10117.318912  9200.485246 12672.266023  9600.769655 111488.250249              1.343395          13.0  13.0
SharpRidge        esp 11217.773888  7304.519105 13765.254646 12380.612183 12425.649016 16028.100289 11149.488579 11524.526734 11471.726687  6398.638334 113666.289462              1.369640          14.0  14.0
SharpRidge       qMES 10135.710157 12149.431490 14432.239920 11337.315064 15091.312867 19199.208783 11384.343695 11382.706377 14257.144769  6944.311827 126313.724949              1.522037          15.0  15.0
SharpRidge        qKG 16035.155652 12170.201519 14717.464758  9914.555602 10938.915628 17657.482903 12066.534379  7827.123812 15932.442518 11464.106163 128723.982934              1.551080          16.0  16.0
SharpRidge         TS 15613.373194 11379.528397 17398.665704 12932.752327 15840.387975 13345.251752 14633.342081  8839.872663 10719.217486 10580.658453 131283.050033              1.581916          17.0  17.0
SharpRidge  lmabo-ops 13172.474937 10766.527230 18346.299965 14122.635142 11563.489189 12327.486753 18056.784287 11180.035651 14148.934654 11500.197271 135184.865079              1.628931          18.0  18.0
SharpRidge      llmgp 12251.962406 13742.028970 14497.166104 10836.868033 12897.322255 24795.533875 19597.675492 16250.373606 16144.437044 12817.606901 153830.974686              1.853610          19.0  19.0
SharpRidge  lmabo-ab4 32524.009837  7830.432435 12799.409017 13442.891249 18027.880396 12985.428255 19633.631531 28211.224392  8150.572057  7703.378764 161308.857933              1.943716          20.0  20.0
SharpRidge        UCB 16813.024760 17316.205943 18862.880051 14725.189613 15588.109406 17735.287688 18991.955058 13909.333203 19976.067429 11898.198412 165816.251563              1.998029          21.0  21.0
SharpRidge     llambo 41645.061443 17926.453319 25831.925411 42557.567943 28322.590633 38573.125347 37670.912609  7484.496051 45843.472759 28418.899181 314274.504696              3.786900          22.0  22.0
SharpRidge       qPES 50712.569014 34020.180382 43092.267311 34930.395558 47367.271670 51622.766478 45848.223989 39930.811438 49699.416833 28245.967555 425469.870229              5.126766          23.0  23.0
SharpRidge     PosSTD 86340.571947 44532.140422 55051.796511 43964.133101 76038.838164 65011.526766 78955.439867 39531.245424 45048.432547 28418.897470 562893.022219              6.782668          24.0  24.0
========================================================================================================================================================================================================
        problem     method       run_1       run_2       run_3      run_4      run_5      run_6       run_7       run_8      run_9      run_10          sum  relative_performance  problem_rank  rank
DifferentPowers         PI  345.918633  152.616755  217.856840 118.218088 151.401385 164.791499  286.382366  196.096118 124.860532  333.071352  2091.213569              1.000000           1.0   1.0
DifferentPowers      LogPI  314.561405  257.079842  243.856915 169.423087 175.271064 144.882814  284.905232  210.809399  97.986889  380.819631  2279.596279              1.090083           2.0   2.0
DifferentPowers    PosMean  195.179184  442.218025  379.511171 229.121746 190.617052 152.661697  260.793437  253.198767 135.936840  275.327723  2514.565643              1.202443           3.0   3.0
DifferentPowers      lmabo  311.160957  329.617307  457.165074 255.155783  97.451115 166.518691  313.147204  350.752766 244.928076  304.398179  2830.295153              1.353422           4.0   4.0
DifferentPowers      LogEI  337.330298  332.350054  672.441709 232.014500 223.605533 175.208127  226.865099  290.968725 167.874561  517.535917  3176.194524              1.518828           5.0   5.0
DifferentPowers         EI  387.809385  507.494779  579.590811 287.544459 225.191565 148.045807  197.325131  316.070497 191.236818  340.527544  3180.836798              1.521048           6.0   6.0
DifferentPowers  lmabo-ab1  373.160181  254.780678  327.676887 247.482992  95.100759 222.278340  496.633530  335.373879 239.222022  623.562350  3215.271619              1.537515           7.0   7.0
DifferentPowers    gphedge  390.390152  287.445458  579.125347 329.654404 288.938797 158.834702  292.903306  391.174862 220.454031  371.535224  3310.456281              1.583031           8.0   8.0
DifferentPowers        esp  250.041274  352.132057  647.763534 273.447378 276.195796 221.502920  342.977699  388.779237 193.855347  388.129877  3334.825120              1.594684           9.0   9.0
DifferentPowers  lmabo-ab3  431.958388  220.312292  351.106109 268.626339 321.953212 188.400786  305.829995  481.765712 356.840959  452.056335  3378.850126              1.615737          10.0  10.0
DifferentPowers   setup_bo  286.839993  402.603244  449.742837 320.788265 111.853999 353.696839  457.523921  453.055047 174.152945  385.178233  3395.435323              1.623667          11.0  11.0
DifferentPowers  lmabo-ab2  459.946719  411.418666  400.792308 383.318648 261.499270 183.125219  296.733531  351.209755 321.614347  409.506268  3479.164731              1.663706          12.0  12.0
DifferentPowers  lmabo-ab4  309.874764  513.658813  579.609401 300.045153 306.428540 130.454493  275.913441  416.034069 162.505085  538.768302  3533.292061              1.689589          13.0  13.0
DifferentPowers no_past_bo  324.453151  631.358602  371.402683 131.320775 323.254384 402.945678  334.094938  505.519481 230.901994  364.242601  3619.494288              1.730810          14.0  14.0
DifferentPowers        qKG  316.431574  640.601016  257.037500 186.706433 257.573100 249.767316  469.266145  543.438907 225.179758  508.906521  3654.908269              1.747745          15.0  15.0
DifferentPowers       qMES  322.354401  314.912325  608.443088 521.152295 197.931380 380.846608  376.196731  391.181012 164.844443  403.388121  3681.250404              1.760342          16.0  16.0
DifferentPowers         TS  499.258275  413.879096  457.578148 213.718885 277.483664 330.586534  313.681742  610.748683 303.373532  494.965333  3915.273892              1.872250          17.0  17.0
DifferentPowers  lmabo-ops  444.894068  571.304700  327.864790 297.942132 281.518245 148.018377  365.644811  423.568946 406.403647  715.550974  3982.710690              1.904497          18.0  18.0
DifferentPowers       qJES  482.439694  466.443010  702.229838 347.235270 318.486301 250.070325  353.913566  685.936344 312.356179  598.373496  4517.484024              2.160221          19.0  19.0
DifferentPowers        UCB  712.353152  607.292614  611.966230 582.199083 313.799576 292.433063  379.708303  891.383293 478.392564  440.484903  5310.012780              2.539202          20.0  20.0
DifferentPowers     llambo  813.047244  567.831318  758.136899 686.119336 323.940411 501.319237  520.087091 1006.454991 346.101298  503.479247  6026.517072              2.881828          21.0  21.0
DifferentPowers      llmgp  662.328712 1143.125930 1046.052922 330.401196 323.940382 420.233964  847.043031 1864.781988 475.701618 1287.556868  8401.166612              4.017364          22.0  22.0
DifferentPowers       qPES  663.883853  870.546514 1010.617311 759.814575 323.940382 769.533873 1212.880714 1340.566953 503.270467 1093.573084  8548.627727              4.087879          23.0  23.0
DifferentPowers     PosSTD 2613.613997  672.771251 5946.502679 777.880939 323.940382 783.373774 1581.784176  977.891793 503.270467 2485.703187 16666.732645              7.969885          24.0  24.0
========================================================================================================================================================================================================
    problem     method       run_1       run_2       run_3       run_4       run_5       run_6       run_7       run_8       run_9      run_10          sum  relative_performance  problem_rank  rank
Weierstrass  lmabo-ab3  755.332512  625.624446 1220.614969  250.235309 1187.788647  967.022683  434.936151 1101.763692  530.950717  620.576535  7694.845660              1.000000           1.0   1.0
Weierstrass      lmabo  868.950570  743.532402  978.204557  999.709420  748.815200  800.428224  454.899543  939.205784 1770.292541  757.929710  9061.967950              1.177667           2.0   2.0
Weierstrass    PosMean 1038.306270 1110.417108  382.598546 1569.598908 1052.593102 1530.955579  483.793746  444.046724  847.134635  603.686529  9063.131148              1.177818           3.0   3.0
Weierstrass    gphedge 1403.449453  358.106922  876.879190 1169.483755  339.241481 1055.748829 1095.948466  823.404472 1779.629434  360.062929  9261.954930              1.203657           4.0   4.0
Weierstrass      LogPI 1202.528979 1123.312404 1065.789022  464.685911  381.682022  630.054768 1239.715152  814.149381 1226.901017 1127.245512  9276.064168              1.205491           5.0   5.0
Weierstrass         PI  925.094368  620.010252 1088.494228  861.336144  558.384168  999.327921 1530.112760 1090.014348 1011.697700  629.328651  9313.800541              1.210395           6.0   6.0
Weierstrass  lmabo-ab1  696.448784 1251.598259 1364.074249  945.705971  833.672768 1072.450886  844.749596  968.720268 1182.975832  712.502160  9872.898771              1.283054           7.0   7.0
Weierstrass      llmgp  772.012473 1006.222332 1146.535203 1245.903585 1078.348509 1203.392362 1079.115528  652.009212 1135.583914  968.907179 10288.030298              1.337003           8.0   8.0
Weierstrass      LogEI 1119.191231 1036.984941 1072.750741  944.047804  814.967319 1203.627085 1289.439218 1120.157664 1357.434347  503.834926 10462.435276              1.359668           9.0   9.0
Weierstrass       qJES  710.007011 1592.755490 1392.520180  727.812542  890.915278  789.801039  980.575084  629.209099 1588.367805 1386.725512 10688.689039              1.389071          10.0  10.0
Weierstrass        esp 1728.663403 1211.065036  742.973856 1056.270458  939.382179 1131.251838  870.300093 1110.333646 1288.926330 1178.281243 11257.448083              1.462986          11.0  11.0
Weierstrass       qMES 1303.820963 1538.322801 1097.226720 1148.533001 1129.603469  860.634904  859.809904 1167.775261  921.825522 1396.177387 11423.729932              1.484595          12.0  12.0
Weierstrass  lmabo-ops 1347.990743  917.620651  779.369056 1414.663071  940.351519 1480.841333  637.327044 1348.809648 1110.071377 1596.376983 11573.421426              1.504049          13.0  13.0
Weierstrass  lmabo-ab4 1035.983186 1104.584873 1050.721447 1627.175177 1128.567640 1837.997428  790.050785 1363.835157 1034.797017 1007.341270 11981.053980              1.557023          14.0  14.0
Weierstrass       qPES  986.871153 1299.383776 1968.450085 1119.697350  935.703623  954.802148 1083.057349 1394.155924 1172.974221 1144.061941 12059.157571              1.567173          15.0  15.0
Weierstrass         TS 1530.782930  686.377493 1624.001269 1597.154220 1410.260590  437.729846 1417.676872  811.058781 1276.671259 1415.236496 12206.949757              1.586380          16.0  16.0
Weierstrass     llambo  824.415487 1615.089288 1206.354990  926.841997 1190.717237 1083.337312 1522.561506  939.202257 1742.483682 1289.016611 12340.020367              1.603674          17.0  17.0
Weierstrass        UCB 1047.528443 1141.050217 1471.285178 1343.171030 1448.702425 1282.652952 1403.029433 1928.730176  572.184524  907.871309 12546.205687              1.630469          18.0  18.0
Weierstrass  lmabo-ab2 1239.531720 1354.816337 1357.320617 1878.275081 1131.848692  641.897520 1266.968361 1106.579757 1514.265626 1116.808966 12608.312678              1.638540          19.0  19.0
Weierstrass        qKG 1379.191960 1400.726698  956.648024 1167.694772 1319.033339 1269.408912 1101.119169 1909.633117  829.291039 1332.932542 12665.679572              1.645995          20.0  20.0
Weierstrass         EI 1176.492577  678.363588 1121.106661 1742.025905 1697.175288 1295.526185 1310.460546 1187.705490  993.384823 1755.861468 12958.102531              1.683998          21.0  21.0
Weierstrass no_past_bo 1405.722007  979.789803 1284.989920 1419.110203 1353.681907 1577.884689 1259.512221 1244.061646 1525.423417 1009.939208 13060.115021              1.697255          22.0  22.0
Weierstrass   setup_bo 1151.972528  868.867416 1443.520486 1870.366299 1028.817776 1160.247077 1307.918758 1761.402155  755.332898 1800.417322 13148.862716              1.708788          23.0  23.0
Weierstrass     PosSTD 2200.578877 2091.085725  819.900349 2327.008340 1233.041100  563.293504  812.466360 2063.088583 1497.934106  226.056594 13834.453537              1.797886          24.0  24.0
========================================================================================================================================================================================================
         problem     method       run_1       run_2       run_3       run_4       run_5       run_6       run_7       run_8       run_9      run_10          sum  relative_performance  problem_rank  rank
SchaffersIllCond    PosMean  858.566376 1467.345898 1040.316418  521.503484 1038.238505 1331.321535 1872.065696  857.409794  979.265005  824.719348 10790.752061              1.000000           1.0   1.0
SchaffersIllCond      llmgp 1495.280186  589.639475  973.253169 1345.107776 1739.831365  519.684042 1886.177926 1269.484369 1383.494312 1417.111151 12619.063773              1.169433           2.0   2.0
SchaffersIllCond      lmabo 1179.391548  691.988344 1063.729114 1006.300661 1029.325248  604.097361 2336.744114 2184.083721 1187.870224 1467.801532 12751.331867              1.181691           3.0   3.0
SchaffersIllCond         PI 1627.524312 1620.786541 1701.115675  536.266190  877.170892 1144.819722 1515.652440 1491.262694 1696.776776 1095.747782 13307.123024              1.233197           4.0   4.0
SchaffersIllCond      LogPI  862.352821 2426.692599 1766.757161  422.393415 1109.962240 1882.010722 1858.865538 1281.954079 1333.806331  757.614070 13702.408975              1.269829           5.0   5.0
SchaffersIllCond no_past_bo 1001.371068 1109.829240 1441.322944 1290.774368 1017.204170 2182.488404 1756.772874 1707.164356 1310.870250 1279.797767 14097.595440              1.306452           6.0   6.0
SchaffersIllCond  lmabo-ops 1244.247587 1499.730593 1356.150660 1559.099565 1664.934491 1173.248967 1747.771798  865.680605  952.038981 2279.547256 14342.450503              1.329143           7.0   7.0
SchaffersIllCond         TS 1582.349579 1810.491433 1503.518842 1273.790067  436.547232 2279.337693 1870.665119 1144.933664 1141.016654 1396.179794 14438.830078              1.338074           8.0   8.0
SchaffersIllCond        esp  894.520613 1834.626474  953.370213 1424.078337 1064.352441 1829.554317 2072.775421 1835.369512 1999.597145 1111.324790 15019.569262              1.391893           9.0   9.0
SchaffersIllCond    gphedge 2040.581675 1023.217207 1544.199083 1574.725731  607.107369 2295.137417 2364.055380 1124.368017 1133.035250 1425.304581 15131.731711              1.402287          10.0  10.0
SchaffersIllCond  lmabo-ab2  648.474835 1464.518152 1780.102418 1044.715420 1408.385754 1818.802007 2187.079735 2150.026005  989.745503 2309.302303 15801.152132              1.464324          11.0  11.0
SchaffersIllCond  lmabo-ab4 1525.993685  949.441662 1403.042930 2431.932625 1710.318429 2202.665975 1748.973783 1451.518464  880.193288 1628.734801 15932.815642              1.476525          12.0  12.0
SchaffersIllCond       qJES 1453.633833 1605.215392 1738.762548 2687.142427 1332.238533 1987.738445 1249.065258 1984.923903  744.061870 1320.496308 16103.278518              1.492322          13.0  13.0
SchaffersIllCond         EI 1779.591069 2923.281616 2186.562079 1340.047246  980.388768 1758.880222 2133.705151 1500.048324 1214.792082 1092.174245 16909.470803              1.567034          14.0  14.0
SchaffersIllCond   setup_bo 1552.658388 1228.774521 1953.652063 1159.569881 1481.127424 1898.220013 1968.263167 2289.604046 1631.551422 1901.813472 17065.234399              1.581468          15.0  15.0
SchaffersIllCond        qKG 1386.181311 1958.629974 2344.597069  836.773318 1126.215423 1820.461593 1536.774791 1782.266035 2004.429598 2277.921989 17074.251101              1.582304          16.0  16.0
SchaffersIllCond  lmabo-ab1 1784.344929 1518.508324 2311.265928 1086.502691 1502.340177 1569.231790 2715.809506 1657.516190 1139.355706 1953.778700 17238.653941              1.597540          17.0  17.0
SchaffersIllCond  lmabo-ab3 2184.739049 1666.972615 1924.160277 1737.296244 1348.904673 1838.368448 2398.415489 1547.532480 1453.855651 1316.405077 17416.650003              1.614035          18.0  18.0
SchaffersIllCond      LogEI 1092.945250 2429.348032 2433.203306 1663.754938 1638.955374 1903.285544 3002.594913 1011.953171 1407.422091 1216.495867 17799.958486              1.649557          19.0  19.0
SchaffersIllCond       qMES 1113.594361 3073.310620 2055.466450 1384.681307 1315.466080 1809.323176 2660.841850 1522.166552 1732.093386 2083.096171 18750.039953              1.737603          20.0  20.0
SchaffersIllCond        UCB 1201.748147 1748.368486 2213.268973 1906.589792 1343.889403 2489.222795 2340.154023 2173.221061 2349.980092 1941.221740 19707.664512              1.826348          21.0  21.0
SchaffersIllCond     llambo 1203.282541 2905.686727 2547.568193 1160.101722 1717.836433 2451.390430 2678.976096 1808.381992 2478.690029 1083.068208 20034.982370              1.856681          22.0  22.0
SchaffersIllCond     PosSTD 2884.808746 1276.979782 1841.002095 1898.654668 3369.251587 1454.863437 5467.580544 2308.740656 2327.216532 2746.676843 25575.774889              2.370157          23.0  23.0
SchaffersIllCond       qPES 2884.808746 3375.436848 2442.200732 2388.989361 2626.043988 2807.835305 3208.476784 2380.562341 1968.978297 2118.205739 26201.538141              2.428148          24.0  24.0
========================================================================================================================================================================================================
                    problem     method       run_1       run_2       run_3       run_4       run_5       run_6       run_7       run_8       run_9      run_10          sum  relative_performance  problem_rank  rank
CompositeGriewankRosenbrock      LogPI  649.696063  479.895324  698.727369  399.060407  536.043073  455.062981  941.483465  429.808573  483.669815  663.747499  5737.194569              1.000000           1.0   1.0
CompositeGriewankRosenbrock         PI  906.956111  473.400990  492.180277  416.078731  454.210514  591.708890  927.660212  641.433044  502.246978  420.126831  5826.002578              1.015479           2.0   2.0
CompositeGriewankRosenbrock   setup_bo  498.370003  736.883980  497.196327  674.627355  520.864304  679.092639  594.612706  680.506632  502.497141  518.733684  5903.384771              1.028967           3.0   3.0
CompositeGriewankRosenbrock    PosMean  568.877284  474.841313  600.599450  557.734036  492.504153  537.169575  992.774964  641.018104  715.813017  615.418666  6196.750562              1.080101           4.0   4.0
CompositeGriewankRosenbrock    gphedge  808.824823  295.487621  736.025795  571.314284  609.770985  907.903741  763.029569  728.413281  570.373296  617.156474  6608.299868              1.151835           5.0   5.0
CompositeGriewankRosenbrock  lmabo-ab1  781.717176  686.823339  867.758517  683.484016  545.259686  668.403523  770.615916  571.926083  566.002876  491.876415  6633.867549              1.156291           6.0   6.0
CompositeGriewankRosenbrock no_past_bo  662.986849  565.523196  652.917465  670.147532  903.784281  887.141140  732.158054  604.735992  586.392895  517.355432  6783.142838              1.182310           7.0   7.0
CompositeGriewankRosenbrock      lmabo  822.744919  517.231743  789.907783  785.291302  622.799544  852.719683  676.311299  477.690098  681.852573  567.382428  6793.931373              1.184191           8.0   8.0
CompositeGriewankRosenbrock     PosSTD  886.957502  564.874598  719.011332  460.665538  545.251666  543.733052  566.448222  979.340564 1148.460183  659.294602  7074.037259              1.233013           9.0   9.0
CompositeGriewankRosenbrock      LogEI  600.395118  667.707861  789.601741  657.328343  556.021496  911.401186  788.501205  817.743787  681.939218  635.081034  7105.720989              1.238536          10.0  10.0
CompositeGriewankRosenbrock         EI  699.692047  542.322002  828.120430  733.670801  794.388918  726.785332  767.331771  622.081776  872.987555  552.869544  7140.250176              1.244554          11.0  11.0
CompositeGriewankRosenbrock  lmabo-ab2  758.666313  612.560899  762.424361  775.038452  685.950102  894.397431  955.614604  702.785669  883.311662  642.856639  7673.606132              1.337519          12.0  12.0
CompositeGriewankRosenbrock        esp 1000.151085  776.660896  766.469921  604.849358  694.379896  909.734355  935.925939  860.076726  632.126556  608.908636  7789.283367              1.357682          13.0  13.0
CompositeGriewankRosenbrock  lmabo-ab3  697.247141  735.269685  845.767758  708.351435  826.815042  552.717069  993.787455  789.397028  945.436886  723.882870  7818.672370              1.362804          14.0  14.0
CompositeGriewankRosenbrock        qKG  832.424327  631.706126 1214.526737  695.237728  717.725618  668.078068  930.668636  787.053404  692.323094  723.185923  7892.929661              1.375747          15.0  15.0
CompositeGriewankRosenbrock  lmabo-ab4  878.723577  814.011070  968.976644  873.670841  486.283975 1180.297164 1036.824520  916.566480 1128.447289  753.328819  9037.130379              1.575183          16.0  16.0
CompositeGriewankRosenbrock       qMES  798.000042  777.148595  960.336316 1309.280900  855.162339  892.118835 1270.279218  943.644438  719.517095  786.145570  9311.633348              1.623029          17.0  17.0
CompositeGriewankRosenbrock         TS  764.613377  823.574264  803.127911 1103.406524  718.794413  980.930505 1272.345817 1261.534165  653.033048 1080.804694  9462.164717              1.649267          18.0  18.0
CompositeGriewankRosenbrock  lmabo-ops 1782.593584  785.926330  666.648992  909.960611  805.572409 1502.751394 1195.126111  885.252990  628.444826  530.840902  9693.118149              1.689522          19.0  19.0
CompositeGriewankRosenbrock      llmgp 1226.028406  971.812585 1153.445814  781.852081 1202.424723  891.962312 1229.176373  894.821781  837.985347  810.986664 10000.496085              1.743099          20.0  20.0
CompositeGriewankRosenbrock       qJES 1077.210540  875.564045  841.195425 1040.209567  726.630201 1243.394766 1132.399656  991.393547 1226.811243  950.453409 10105.262399              1.761360          21.0  21.0
CompositeGriewankRosenbrock        UCB 2368.989108  843.669111 1849.785318 1626.496344 1655.764501 1619.342462 2512.806690  986.914075 1411.196811 1112.513926 15987.478347              2.786637          22.0  22.0
CompositeGriewankRosenbrock     llambo 1505.630602  155.714291 1447.765007  525.088093 1005.227856 7214.910952 3164.530708 1176.694908  595.765953 1017.844177 17809.172546              3.104160          23.0  23.0
CompositeGriewankRosenbrock       qPES 1666.540824 1023.763569 2046.658620 2728.324266 1700.283409 2777.172577 1739.985261 1451.229458 1708.633783 1037.655704 17880.247471              3.116549          24.0  24.0
========================================================================================================================================================================================================
    problem     method       run_1       run_2       run_3       run_4       run_5       run_6       run_7       run_8       run_9      run_10          sum  relative_performance  problem_rank  rank
Gallagher21       qMES  331.869199  615.030108  382.376503  890.775864  575.191234  650.977513  385.418302  559.072213  356.641474  760.792219  5508.144628              1.000000           1.0   1.0
Gallagher21      lmabo  327.415765  822.308707  733.331633  405.427018  351.456976  844.664108  820.026748  638.612541  456.906517  916.185264  6316.335278              1.146726           2.0   2.0
Gallagher21         EI  433.145626  506.210528 1156.556944  230.367820  984.071743  597.524915 1226.933609  408.166081  344.706702  606.559249  6494.243217              1.179026           3.0   3.0
Gallagher21      LogPI  265.634167  337.739371  467.525485  986.498224  464.768594  598.985758  540.729237  506.923392 1458.703113  877.786122  6505.293462              1.181032           4.0   4.0
Gallagher21      LogEI  394.379295  593.167946  606.277640  273.300232  620.406977  619.285421 1294.209679  736.290613 1017.133070  878.129986  7032.580859              1.276760           5.0   5.0
Gallagher21         PI  259.599770  760.719295  764.024651  570.904044 1086.799342  586.015327  844.992100  870.010083  555.665476 1038.275923  7337.006011              1.332029           6.0   6.0
Gallagher21  lmabo-ops  618.191486  473.948262  743.707883  756.224388  578.254748  892.660300  966.726841  798.304014  591.046863  946.065164  7365.129948              1.337134           7.0   7.0
Gallagher21  lmabo-ab2  391.111055  789.272414  545.356260  480.226476 1237.078764 1170.167943 1291.410136  592.925186  248.365878  683.154325  7429.068437              1.348742           8.0   8.0
Gallagher21        UCB  606.831633  457.182049  856.790422  342.146860  384.636105 1027.127918 1309.051878  958.305287  529.590890 1212.796305  7684.459348              1.395108           9.0   9.0
Gallagher21  lmabo-ab1  486.327698  404.728757 1577.811967  290.686360  643.816997 1386.683739 1453.016590  251.029173  449.893639  881.875320  7825.870240              1.420782          10.0  10.0
Gallagher21    gphedge  367.219178  727.035527  221.552415  743.895240  937.176046  747.343446 1392.693437  623.031368  942.664424 1189.975141  7892.586223              1.432894          11.0  11.0
Gallagher21        esp  517.053262  872.386244 1165.585941  243.359078 1069.343689  401.924234 1078.910163 1011.585444  593.553866 1346.850884  8300.552804              1.506960          12.0  12.0
Gallagher21    PosMean  304.895616  877.721955  932.062839  284.936732  947.211583  943.651978 1408.895105  909.621251 1320.619154  958.934269  8888.550482              1.613710          13.0  13.0
Gallagher21  lmabo-ab3  360.290336  368.914651 1257.933520  356.218921  793.201148 1308.477918  993.623628  949.775835 1057.320965 1550.204800  8995.961721              1.633211          14.0  14.0
Gallagher21       qPES 1220.254925  375.453130 1253.004265  392.350811 1053.615684 1043.574858 1201.704317 1474.785563  662.642001  881.832830  9559.218385              1.735470          15.0  15.0
Gallagher21        qKG  368.388016  590.114423  697.419411  804.340135 1254.193071 1646.105321 1157.661563 1239.463562 1024.525979 1098.191724  9880.403205              1.793781          16.0  16.0
Gallagher21  lmabo-ab4 1168.280948 1024.649944 1143.999866  831.479269  720.472744 1158.129489  706.447507  816.161331 1785.356588  888.626952 10243.604638              1.859720          17.0  17.0
Gallagher21   setup_bo  375.834002 1118.043557 1695.229868 1010.086584 1105.733650  763.585966  937.640450 1205.217203 1332.712410  745.143992 10289.227681              1.868002          18.0  18.0
Gallagher21 no_past_bo 1246.838723 1217.859835  672.756247  172.435772 1443.432789 1181.367430 1110.417599  851.961431 1979.734488  471.275859 10348.080173              1.878687          19.0  19.0
Gallagher21     llambo 1052.944615 1351.492298 1470.624262 1260.406450  408.950968  517.088602  883.098084 1346.875775  886.331101 1434.455435 10612.267589              1.926650          20.0  20.0
Gallagher21         TS  416.677889  962.525243  699.328351  823.967351 1328.571989 1234.673100 1090.983733 1385.904852 1536.819282 1298.490845 10777.942637              1.956728          21.0  21.0
Gallagher21       qJES  912.148327 1013.597303  860.176187 1023.319226  362.054358 1594.538744 1377.993158 1111.603169 1377.147737 1181.226348 10813.804557              1.963239          22.0  22.0
Gallagher21      llmgp 1386.217410 1224.313331  872.570223  648.427381 1299.931207  793.982324 1043.818847 1398.884360  904.820885 1469.713394 11042.679361              2.004791          23.0  23.0
Gallagher21     PosSTD 2090.108248 2316.038101 2767.975907 2398.315079 1608.272795  927.902832 1582.619411 1753.134751 3139.648687  382.227944 18966.243754              3.443309          24.0  24.0
========================================================================================================================================================================================================
     problem     method       run_1       run_2       run_3       run_4      run_5       run_6       run_7       run_8       run_9      run_10          sum  relative_performance  problem_rank  rank
Gallagher101      lmabo 1568.381846  628.576035 2275.635866  338.530208 230.947810  971.283553 1039.309205  878.151442  627.146022  474.924326  9032.886312              1.000000           1.0   1.0
Gallagher101       qMES 1711.833964 1334.577064  973.025014  684.830309 256.803912  876.007979  764.319432 1677.715895  521.942240  646.176408  9447.232217              1.045871           2.0   2.0
Gallagher101      LogEI 2373.955227 1366.862352  816.254179  307.065106 103.457752  815.159341 1201.893719 1962.079699  163.637620  603.876791  9714.241786              1.075431           3.0   3.0
Gallagher101    gphedge 1441.320004 1977.814353 1230.987906  926.013590 626.244721  856.020111  839.960915  273.242672  490.937659 1087.588279  9750.130209              1.079404           4.0   4.0
Gallagher101      LogPI 1350.227870  778.776341 2787.432967  423.395034  69.995299  890.495202  638.264878 1626.059320  557.895088  891.861585 10014.403584              1.108660           5.0   5.0
Gallagher101         EI  928.737058 1455.619054 2220.639988 1359.048311 216.332101  843.904836 1276.863610  729.579491  620.802097  489.590815 10141.117360              1.122688           6.0   6.0
Gallagher101   setup_bo 1202.976767 2419.429484  924.274576  704.214024 567.104310  908.021776  592.830545 1035.496803  936.549799  891.892858 10182.790942              1.127302           7.0   7.0
Gallagher101  lmabo-ops 1462.866483 1327.422926  973.052303 2190.281232 503.939609  927.776083  941.314624  600.514284  508.272558 1015.859885 10451.299987              1.157028           8.0   8.0
Gallagher101 no_past_bo 1588.265627 2198.257672  289.945805  732.252880 777.196204  956.226802 1287.244029  434.260053  775.271256 1540.702787 10579.623116              1.171234           9.0   9.0
Gallagher101  lmabo-ab1 2165.777921 1388.208642 1499.705573 1300.932226 616.922232  885.282365  405.630896  791.007563  926.666804  704.440131 10684.574353              1.182853          10.0  10.0
Gallagher101  lmabo-ab2 1865.862563 1954.681895 1438.568101 1047.919556 252.975723  870.204887  604.460402 1846.089750  579.770580  545.823516 11006.356973              1.218476          11.0  11.0
Gallagher101        UCB 1581.007552  756.690608 2241.282235  472.529972 950.817461  940.756157 1716.780969  884.861674  345.773283 1126.689116 11017.189027              1.219675          12.0  12.0
Gallagher101        esp 1326.561232 2141.827639 1342.918241 1176.864031 374.395259  885.737087 1239.007148 1470.851077  770.260283  898.385590 11626.807588              1.287164          13.0  13.0
Gallagher101  lmabo-ab4 1844.490543 1736.314364 2006.820643 1320.806569 491.496997 1021.585300 1043.924095  794.516155  234.802204 1304.735901 11799.492773              1.306282          14.0  14.0
Gallagher101    PosMean 2358.264278 2501.778523 1401.612438  611.392979 394.061174  852.487235 1284.167808 1661.202765  324.293453  550.162628 11939.423281              1.321773          15.0  15.0
Gallagher101         PI 2433.025138 2396.598724 1092.120993  953.109696 146.868217  806.935597 1549.904358 1629.563153  485.643597  597.791193 12091.560666              1.338615          16.0  16.0
Gallagher101        qKG 2273.365889 2376.603677 1480.283963  273.620313 445.488247  898.025935 1543.241496  994.886067 1057.606353 1187.698311 12530.820251              1.387244          17.0  17.0
Gallagher101  lmabo-ab3 2498.684950  733.095593 2224.905238 1571.362887 349.598905  831.931810 1831.755066  782.233783  620.316610 1453.843417 12897.728259              1.427863          18.0  18.0
Gallagher101      llmgp 2099.793741 1175.140925 1760.544137  653.283905 959.122293 1158.123584 2171.730731 1149.722072  931.712867  977.042750 13036.217005              1.443195          19.0  19.0
Gallagher101       qJES 1786.711249  937.965514  549.761455 1686.167629 714.463131  874.196574 1877.376398 2165.861348 1234.071070 1461.331474 13287.905843              1.471059          20.0  20.0
Gallagher101         TS 2256.541641 1235.485462 1039.483964 2357.024661 749.365845 1052.203054 1256.607042  686.239251  933.275501 1909.824043 13476.050464              1.491888          21.0  21.0
Gallagher101       qPES 1619.979982 1328.117038 2325.313382 1080.919223 910.286541  898.854088 1933.460004 1397.041901  454.537951 1575.251575 13523.761685              1.497169          22.0  22.0
Gallagher101     llambo 2615.070588 1378.651246 1593.224794 1839.925721 894.796876  617.009462 1480.255342 1858.614137 1464.174287 2712.293061 16454.015514              1.821568          23.0  23.0
Gallagher101     PosSTD 4006.119837 3855.423215 3592.829699 3692.280184 958.399434 1158.123584 3491.969123 2093.418713 1464.175781 3624.583396 27937.322966              3.092846          24.0  24.0
========================================================================================================================================================================================================
 problem     method      run_1      run_2      run_3      run_4      run_5      run_6      run_7      run_8      run_9     run_10         sum  relative_performance  problem_rank  rank
Katsuura  lmabo-ab4 194.218554 405.426711 183.590416 263.768628 126.122012 219.652678 279.129304 230.681600 185.478916 148.436373 2236.505190              1.000000           1.0   1.0
Katsuura  lmabo-ab1 266.715694 219.370575 161.836506 143.604841 317.473584 218.553589 208.193087 219.133719 302.165639 255.459488 2312.506723              1.033982           2.0   2.0
Katsuura      lmabo 249.492715 231.966210 373.551931 231.769107 184.401689 133.610613 287.502564 203.268338 383.090176  86.953005 2365.606347              1.057725           3.0   3.0
Katsuura  lmabo-ops 224.756771 160.960532 136.165089 183.155441 191.666707 315.724448 380.810873 366.025985 167.662041 311.801132 2438.729019              1.090420           4.0   4.0
Katsuura     llambo 282.473477  91.959146 254.486375 187.647132 150.532517 377.290796 210.750199 468.988946 172.874934 310.343827 2507.347347              1.121101           5.0   5.0
Katsuura         TS 390.584450 333.165478 259.245989 194.527977 153.919718 148.002880 343.698753 172.726631 370.246816 177.192879 2543.311571              1.137181           6.0   6.0
Katsuura       qPES 191.854575 227.011741 217.981928 183.738426 275.616512 216.996765 321.493955 282.614312 270.095503 389.308123 2576.711838              1.152115           7.0   7.0
Katsuura        UCB 242.097523 261.756725 234.757777 256.010911 280.803093 412.236011 217.461182 205.376325 258.294650 223.224837 2592.019035              1.158960           8.0   8.0
Katsuura       qJES 302.455846 213.756490 206.271478  69.805007 255.388129 437.180320 327.347761 255.548494 232.114540 329.461629 2629.329696              1.175642           9.0   9.0
Katsuura   setup_bo 352.583996 234.364269 291.707745 271.936901 292.340387 214.076026 236.275869 295.315644 247.124675 229.725225 2665.450736              1.191793          10.0  10.0
Katsuura        qKG 305.382295 259.741901 324.218850 168.088834 295.654458 184.022922 365.809539 188.862574 259.289562 329.170869 2680.241806              1.198406          11.0  11.0
Katsuura  lmabo-ab2 221.887860 236.822126 436.472501 314.560114 315.705123 231.227836 294.376238 366.221281 132.995834 224.713300 2774.982213              1.240767          12.0  12.0
Katsuura    gphedge 293.481401 271.586718 197.794326 250.963982 338.991623 288.735500 316.158440 259.591760 226.895783 368.979713 2813.179245              1.257846          13.0  13.0
Katsuura         EI 371.933359 222.443059 193.283712 299.764425 361.004672 286.107967 147.686524 363.122448 310.773484 257.586765 2813.706414              1.258082          14.0  14.0
Katsuura  lmabo-ab3 358.269662  43.971376 320.682404 173.882506 301.417356 223.945986 326.700546 357.562221 379.784376 343.653175 2829.869608              1.265309          15.0  15.0
Katsuura    PosMean 320.317682 259.195093 238.006688 251.470377 330.835279 204.198606 311.304769 230.868230 315.004209 384.015481 2845.216414              1.272171          16.0  16.0
Katsuura     PosSTD 292.681169 178.196859 235.681676 322.467448 311.925476 360.060411 242.491248 405.441912 274.430817 238.559955 2861.936970              1.279647          17.0  17.0
Katsuura        esp 374.527401 335.878260 312.567389 276.402331 380.610938  93.632429 304.366843 375.659995 249.783544 192.170470 2895.599601              1.294698          18.0  18.0
Katsuura         PI 183.823426 194.120312 361.739113 211.764658 402.300237 307.056180 259.027923 179.803539 504.524075 305.263144 2909.422608              1.300879          19.0  19.0
Katsuura no_past_bo 264.622996 241.214525 253.886380 304.291780 370.620300 364.376756 370.864896 161.968453 423.454107 177.119468 2932.419660              1.311162          20.0  20.0
Katsuura      LogEI 237.157732 388.787110 318.371672 287.386155 329.334736 354.830962 221.448024 201.009940 312.193836 389.379130 3039.899296              1.359219          21.0  21.0
Katsuura      LogPI 145.165150 243.278442 373.545540 311.791592 279.776982 321.618088 289.142159 335.827091 363.818476 382.666776 3046.630296              1.362228          22.0  22.0
Katsuura       qMES 473.106886 367.316271 235.677398 417.092396 287.511947 268.757650 185.087363 375.214593 282.052968 277.980147 3169.797619              1.417299          23.0  23.0
Katsuura      llmgp 349.288166 227.074223 318.973364 439.006721 312.793446 261.243635 339.863488 312.240815 467.631381 383.178496 3411.293738              1.525279          24.0  24.0
========================================================================================================================================================================================================
           problem     method       run_1       run_2       run_3       run_4       run_5       run_6       run_7       run_8       run_9      run_10          sum  relative_performance  problem_rank  rank
LunacekBiRastrigin    PosMean  626.911244 1435.169253 2194.312899 1513.998225 1006.493930  842.055469  883.633972  886.112931 1154.806668 1434.924790 11978.419380              1.000000           1.0   1.0
LunacekBiRastrigin      LogPI 1336.863435 1740.640012 1453.759009 2749.342284 1172.108525 1461.128790 1168.105743 1472.502018  819.014853 1492.041000 14865.505669              1.241024           2.0   2.0
LunacekBiRastrigin         EI 1626.488929  819.778345 1946.124030 2708.523239 1439.904726 1332.402254 1570.161152 1664.336707 1249.971619 1495.904431 15853.595432              1.323513           3.0   3.0
LunacekBiRastrigin         PI 1482.744877 2708.372366 2628.286246 1866.574707 1743.176758  874.333402 1560.708648 1469.333007  491.407376 1830.030209 16654.967596              1.390414           4.0   4.0
LunacekBiRastrigin  lmabo-ab3 1890.641546 1298.550767 2463.895091 1425.741534 2354.380701 1627.428216 1125.619279 1384.465342 1830.890397 1452.292721 16853.905596              1.407023           5.0   5.0
LunacekBiRastrigin no_past_bo 2036.097355 2026.304556 1422.023778 2120.410168 1977.608949 1326.382301 1372.990774 1913.864843 1483.917490 1584.539503 17264.139715              1.441270           6.0   6.0
LunacekBiRastrigin      lmabo 1866.979845 1690.422036 2121.827709 2015.901622 1479.107297 1578.575369 1443.114309 1820.516921 1766.196737 1823.590463 17606.232309              1.469829           7.0   7.0
LunacekBiRastrigin    gphedge 1989.352364 2160.952043 1061.266768 2086.159097 2264.753689 1870.699082 1184.315189 1778.646269 2133.124995 1563.806296 18093.075791              1.510473           8.0   8.0
LunacekBiRastrigin        qKG 1739.662761 1483.777103 1806.052048 2742.138705 1529.998246 1725.267511 1954.516707 1859.196186 1738.565036 1605.497274 18184.671578              1.518119           9.0   9.0
LunacekBiRastrigin       qMES 1792.196397 2407.732656 1941.692707 2149.069626 2061.560152 1921.104367 1758.187515 2448.530660  822.004802 1391.599732 18693.678615              1.560613          10.0  10.0
LunacekBiRastrigin      LogEI 1832.463956 1577.154941 2254.855451 2611.749354 1856.494911 1557.239314 1630.591118 1648.714789 1999.337905 1815.445619 18784.047359              1.568157          11.0  11.0
LunacekBiRastrigin  lmabo-ab4 1943.442254 2234.642562 1600.984768 2527.954540 1504.284491 1462.161675 1856.301455 2204.509930 1303.901993 2408.759846 19046.943512              1.590105          12.0  12.0
LunacekBiRastrigin        esp 1748.541985 2282.495913 1349.840585 3233.884267 1710.865307 2056.867378 1982.037624 2309.970474 1180.206246 1223.824653 19078.534433              1.592742          13.0  13.0
LunacekBiRastrigin  lmabo-ab1 1612.826465 1575.321836 1869.887072 3154.996970 1754.829805 2034.092937 1773.761232 2311.708045 2334.510931 1356.599727 19778.535022              1.651181          14.0  14.0
LunacekBiRastrigin         TS 1757.721159 1782.976344 1704.813621 2617.414325 2336.547140 2112.351608 2038.653474 2448.444436  694.003707 2293.507267 19786.433081              1.651840          15.0  15.0
LunacekBiRastrigin  lmabo-ops 2138.682047 1930.126521 1824.655703 1552.789336 1519.916141 2640.710763 1983.191484 2460.341060 1146.332198 2983.607874 20180.353127              1.684726          16.0  16.0
LunacekBiRastrigin   setup_bo 1827.758481 1715.728779 1830.354896 2574.540947 2075.859183 1705.755996 1733.877477 3331.638184 1368.265347 2341.860640 20505.639931              1.711882          17.0  17.0
LunacekBiRastrigin  lmabo-ab2 1960.095848 3128.119675 1928.285441 2196.709165 3305.316559 2078.645705 1412.254549 2606.582234 1444.691032 1446.697235 21507.397443              1.795512          18.0  18.0
LunacekBiRastrigin      llmgp 1983.011105 2017.392545 2316.297344 1799.839370 1969.042488 2357.449856 2780.201797 2123.962793 2534.974701 2445.338756 22327.510755              1.863978          19.0  19.0
LunacekBiRastrigin       qJES 2860.370428 2160.725585 2945.447872 2710.366973 2463.762884 1869.705740 1845.036490 2194.077597 2214.198244 1828.354331 23092.046145              1.927804          20.0  20.0
LunacekBiRastrigin        UCB 3705.146552 2099.391321 1913.032822 2203.429855 2789.959259 2500.802693 2565.895366 1891.536433 2084.486715 2113.173851 23866.854866              1.992488          21.0  21.0
LunacekBiRastrigin     llambo 2986.437296 2807.009638 3263.262301 3220.337191 2813.647570 2442.815798 2772.539965 2478.750635 2596.905009 2301.072779 27682.778182              2.311054          22.0  22.0
LunacekBiRastrigin       qPES 2393.436646 2413.821894 3297.761260 2726.465692 2931.871890 2612.843601 2933.501197 3569.921811 3232.105355 3058.132566 29169.861913              2.435201          23.0  23.0
LunacekBiRastrigin     PosSTD 3897.059014 3836.465783 2664.543601 4128.199892 1725.922519 1145.086059 3654.718254 2809.932031 3723.666500 1608.330672 29193.924328              2.437210          24.0  24.0
========================================================================================================================================================================================================
Using 30 fully-completed problems for statistical tests
Friedman tests:
  Relative performance: chi2 = 245.785, p = 3.400e-39
  Ranks:                chi2 = 245.785, p = 3.400e-39

Pairwise (control=lmabo) Holm-corrected p-values:
            p_rel_holm  p_rank_holm
method                             
PosSTD       3.989e-05    3.723e-05
PosMean      7.162e-01    1.159e-01
PI           5.746e-01    8.046e-02
LogPI        7.162e-01    1.159e-01
EI           2.036e-03    4.632e-04
LogEI        2.204e-04    4.632e-04
UCB          5.128e-05    4.324e-05
TS           6.327e-05    3.726e-05
qKG          5.128e-05    4.139e-05
qPES         3.989e-05    3.723e-05
qMES         1.088e-04    5.045e-05
qJES         5.128e-05    4.194e-05
llambo       3.578e-03    4.632e-04
llmgp        5.128e-05    4.324e-05
gphedge      5.128e-05    5.045e-05
no_past_bo   6.327e-05    5.045e-05
setup_bo     5.675e-05    5.045e-05
esp          4.041e-05    3.726e-05
lmabo-ab1    3.792e-04    2.419e-04
lmabo-ab2    3.989e-05    3.723e-05
lmabo-ab3    8.384e-05    4.139e-05
lmabo-ab4    3.989e-05    3.726e-05
lmabo-ops    5.128e-05    4.781e-05
Wrote LaTeX summary to summary_synthetic.tex
