cuda cuda:0
RUN 0
Running Probability of Improvement (PI)
Completed!
Running Log Probability of Improvement (LogPI)
Completed!
Running Expected Improvement (EI)
Completed!
Running Log Expected Improvement (LogEI)
Completed!
Running Upper Confidence Bound (UCB)
Completed!
Running Posterior Mean (PosMean)
Completed!
Running Posterior Standard Deviation (PosSTD)
Completed!
Running Thompson Sampling (TS)
Completed!
Running Knowledge Gradient (qKG)
Completed!
Running Predictive Entropy Search (qPES)
Completed!
Running Max-value Entropy Search (qMES)
Completed!
Running Joint Entropy Search (qJES)
Completed!
RUN 1
Running Probability of Improvement (PI)
Completed!
Running Log Probability of Improvement (LogPI)
Completed!
Running Expected Improvement (EI)
Completed!
Running Log Expected Improvement (LogEI)
Completed!
Running Upper Confidence Bound (UCB)
Completed!
Running Posterior Mean (PosMean)
Completed!
Running Posterior Standard Deviation (PosSTD)
Completed!
Running Thompson Sampling (TS)
Completed!
Running Knowledge Gradient (qKG)
Completed!
Running Predictive Entropy Search (qPES)
Completed!
Running Max-value Entropy Search (qMES)
Completed!
Running Joint Entropy Search (qJES)
Completed!
RUN 2
Running Probability of Improvement (PI)
Completed!
Running Log Probability of Improvement (LogPI)
Completed!
Running Expected Improvement (EI)
Completed!
Running Log Expected Improvement (LogEI)
Completed!
Running Upper Confidence Bound (UCB)
Completed!
Running Posterior Mean (PosMean)
Completed!
Running Posterior Standard Deviation (PosSTD)
Completed!
Running Thompson Sampling (TS)
Completed!
Running Knowledge Gradient (qKG)
Completed!
Running Predictive Entropy Search (qPES)
Completed!
Running Max-value Entropy Search (qMES)
Completed!
Running Joint Entropy Search (qJES)
Completed!
RUN 3
Running Probability of Improvement (PI)
Completed!
Running Log Probability of Improvement (LogPI)
Completed!
Running Expected Improvement (EI)
Completed!
Running Log Expected Improvement (LogEI)
Completed!
Running Upper Confidence Bound (UCB)
Completed!
Running Posterior Mean (PosMean)
Completed!
Running Posterior Standard Deviation (PosSTD)
Completed!
Running Thompson Sampling (TS)
Completed!
Running Knowledge Gradient (qKG)
Completed!
Running Predictive Entropy Search (qPES)
Completed!
Running Max-value Entropy Search (qMES)
Completed!
Running Joint Entropy Search (qJES)
Completed!
RUN 4
Running Probability of Improvement (PI)
Completed!
Running Log Probability of Improvement (LogPI)
Completed!
Running Expected Improvement (EI)
Completed!
Running Log Expected Improvement (LogEI)
Completed!
Running Upper Confidence Bound (UCB)
Completed!
Running Posterior Mean (PosMean)
Completed!
Running Posterior Standard Deviation (PosSTD)
Completed!
Running Thompson Sampling (TS)
Completed!
Running Knowledge Gradient (qKG)
Completed!
Running Predictive Entropy Search (qPES)
Completed!
Running Max-value Entropy Search (qMES)
Completed!
Running Joint Entropy Search (qJES)
Completed!
RUN 5
Running Probability of Improvement (PI)
Completed!
Running Log Probability of Improvement (LogPI)
Completed!
Running Expected Improvement (EI)
Completed!
Running Log Expected Improvement (LogEI)
Completed!
Running Upper Confidence Bound (UCB)
Completed!
Running Posterior Mean (PosMean)
Completed!
Running Posterior Standard Deviation (PosSTD)
Completed!
Running Thompson Sampling (TS)
Completed!
Running Knowledge Gradient (qKG)
Completed!
Running Predictive Entropy Search (qPES)
Completed!
Running Max-value Entropy Search (qMES)
Iter 0 | Current best value: -3.649814828228236
Iter 1 | Current best value: -3.649814828228236
Iter 2 | Current best value: -3.649814828228236
Iter 3 | Current best value: -3.649814828228236
Iter 4 | Current best value: -3.649814828228236
Iter 5 | Current best value: -3.649814828228236
Iter 6 | Current best value: -3.649814828228236
Iter 7 | Current best value: -3.649814828228236
Iter 8 | Current best value: -3.649814828228236
Iter 9 | Current best value: -3.901880866840761
Iter 10 | Current best value: -3.901880866840761
Iter 11 | Current best value: -3.901880866840761
Iter 12 | Current best value: -3.901880866840761
Iter 13 | Current best value: -3.901880866840761
Iter 14 | Current best value: -3.901880866840761
Iter 15 | Current best value: -3.901880866840761
Iter 16 | Current best value: -3.901880866840761
Iter 17 | Current best value: -3.901880866840761
Iter 18 | Current best value: -3.901880866840761
Iter 19 | Current best value: -3.901880866840761
Iter 20 | Current best value: -3.901880866840761
Iter 21 | Current best value: -3.901880866840761
Iter 22 | Current best value: -3.901880866840761
Iter 23 | Current best value: -3.901880866840761
Iter 24 | Current best value: -3.901880866840761
Iter 25 | Current best value: -3.901880866840761
Iter 26 | Current best value: -3.901880866840761
Iter 27 | Current best value: -3.901880866840761
Iter 28 | Current best value: -3.901880866840761
Iter 29 | Current best value: -3.901880866840761
Iter 30 | Current best value: -3.901880866840761
Iter 31 | Current best value: -3.901880866840761
Iter 32 | Current best value: -3.901880866840761
Iter 33 | Current best value: -3.901880866840761
Iter 34 | Current best value: -3.901880866840761
Iter 35 | Current best value: -3.901880866840761
Iter 36 | Current best value: -3.901880866840761
Iter 37 | Current best value: -3.901880866840761
Iter 38 | Current best value: -3.901880866840761
Iter 39 | Current best value: -3.901880866840761
Iter 40 | Current best value: -3.901880866840761
Iter 41 | Current best value: -3.901880866840761
Iter 42 | Current best value: -3.901880866840761
Iter 43 | Current best value: -3.901880866840761
Iter 44 | Current best value: -3.901880866840761
Iter 45 | Current best value: -3.901880866840761
Iter 46 | Current best value: -3.901880866840761
Iter 47 | Current best value: -3.901880866840761
Iter 48 | Current best value: -3.901880866840761
Iter 49 | Current best value: -3.901880866840761
Running Joint Entropy Search (qJES)
Iter 0 | Current best value: -3.649814828228236
Iter 1 | Current best value: -3.649814828228236
Iter 2 | Current best value: -3.649814828228236
Iter 3 | Current best value: -3.649814828228236
Iter 4 | Current best value: -3.649814828228236
Iter 5 | Current best value: -3.649814828228236
Iter 6 | Current best value: -3.649814828228236
Iter 7 | Current best value: -3.649814828228236
Iter 8 | Current best value: -3.649814828228236
Iter 9 | Current best value: -3.649814828228236
Iter 10 | Current best value: -3.649814828228236
Iter 11 | Current best value: -3.649814828228236
Iter 12 | Current best value: -3.649814828228236
Iter 13 | Current best value: -3.649814828228236
Iter 14 | Current best value: -3.649814828228236
Iter 15 | Current best value: -3.649814828228236
Iter 16 | Current best value: -3.649814828228236
Iter 17 | Current best value: -3.649814828228236
Iter 18 | Current best value: -3.649814828228236
Iter 19 | Current best value: -3.649814828228236
Iter 20 | Current best value: -3.649814828228236
Iter 21 | Current best value: -3.649814828228236
Iter 22 | Current best value: -3.649814828228236
Iter 23 | Current best value: -3.649814828228236
Iter 24 | Current best value: -3.649814828228236
Iter 25 | Current best value: -3.649814828228236
Iter 26 | Current best value: -3.649814828228236
Iter 27 | Current best value: -3.649814828228236
Iter 28 | Current best value: -3.649814828228236
Iter 29 | Current best value: -3.649814828228236
Iter 30 | Current best value: -3.649814828228236
Iter 31 | Current best value: -3.649814828228236
Iter 32 | Current best value: -3.649814828228236
Iter 33 | Current best value: -3.649814828228236
Iter 34 | Current best value: -3.649814828228236
Iter 35 | Current best value: -3.649814828228236
Iter 36 | Current best value: -3.649814828228236
Iter 37 | Current best value: -3.649814828228236
Iter 38 | Current best value: -3.649814828228236
Iter 39 | Current best value: -3.649814828228236
Iter 40 | Current best value: -3.649814828228236
Iter 41 | Current best value: -3.649814828228236
Iter 42 | Current best value: -3.649814828228236
Iter 43 | Current best value: -3.649814828228236
Iter 44 | Current best value: -3.649814828228236
Iter 45 | Current best value: -3.649814828228236
Iter 46 | Current best value: -3.649814828228236
Iter 47 | Current best value: -3.649814828228236
Iter 48 | Current best value: -3.649814828228236
Iter 49 | Current best value: -3.649814828228236
RUN 6
Running Probability of Improvement (PI)
Iter 0 | Current best value: -2.569168756982391
Iter 1 | Current best value: -2.569168756982391
Iter 2 | Current best value: -2.569168756982391
Iter 3 | Current best value: -3.4742750164597194
Iter 4 | Current best value: -3.4742750164597194
Iter 5 | Current best value: -3.4742750164597194
Iter 6 | Current best value: -3.4742750164597194
Iter 7 | Current best value: -3.4742750164597194
Iter 8 | Current best value: -3.4742750164597194
Iter 9 | Current best value: -3.4742750164597194
Iter 10 | Current best value: -3.4742750164597194
Iter 11 | Current best value: -3.4742750164597194
Iter 12 | Current best value: -3.4742750164597194
Iter 13 | Current best value: -3.765047653422619
Iter 14 | Current best value: -3.765047653422619
Iter 15 | Current best value: -3.765047653422619
Iter 16 | Current best value: -3.765047653422619
Iter 17 | Current best value: -3.765047653422619
Iter 18 | Current best value: -3.765047653422619
Iter 19 | Current best value: -3.765047653422619
Iter 20 | Current best value: -3.765047653422619
Iter 21 | Current best value: -3.765047653422619
Iter 22 | Current best value: -3.765047653422619
Iter 23 | Current best value: -3.765047653422619
Iter 24 | Current best value: -3.765047653422619
Iter 25 | Current best value: -3.765047653422619
Iter 26 | Current best value: -3.765047653422619
Iter 27 | Current best value: -3.765047653422619
Iter 28 | Current best value: -3.765047653422619
Iter 29 | Current best value: -3.765047653422619
Iter 30 | Current best value: -3.765047653422619
Iter 31 | Current best value: -3.765047653422619
Iter 32 | Current best value: -3.765047653422619
Iter 33 | Current best value: -3.765047653422619
Iter 34 | Current best value: -3.765047653422619
Iter 35 | Current best value: -3.765047653422619
Iter 36 | Current best value: -3.765047653422619
Iter 37 | Current best value: -3.765047653422619
Iter 38 | Current best value: -3.765047653422619
Iter 39 | Current best value: -3.765047653422619
Iter 40 | Current best value: -3.765047653422619
Iter 41 | Current best value: -3.765047653422619
Iter 42 | Current best value: -3.765047653422619
Iter 43 | Current best value: -3.765047653422619
Iter 44 | Current best value: -3.765047653422619
Iter 45 | Current best value: -3.765047653422619
Iter 46 | Current best value: -3.765047653422619
Iter 47 | Current best value: -3.765047653422619
Iter 48 | Current best value: -3.765047653422619
Iter 49 | Current best value: -3.765047653422619
Running Log Probability of Improvement (LogPI)
Iter 0 | Current best value: -2.569168756982391
Iter 1 | Current best value: -2.57264158133012
Iter 2 | Current best value: -2.57264158133012
Iter 3 | Current best value: -2.57264158133012
Iter 4 | Current best value: -2.57264158133012
Iter 5 | Current best value: -2.57264158133012
Iter 6 | Current best value: -2.57264158133012
Iter 7 | Current best value: -2.5896349179636244
Iter 8 | Current best value: -2.5896349179636244
Iter 9 | Current best value: -2.5896349179636244
Iter 10 | Current best value: -3.0530685752494424
Iter 11 | Current best value: -3.0530685752494424
Iter 12 | Current best value: -3.0530685752494424
Iter 13 | Current best value: -3.0530685752494424
Iter 14 | Current best value: -3.0530685752494424
Iter 15 | Current best value: -3.0530685752494424
Iter 16 | Current best value: -3.116407384824342
Iter 17 | Current best value: -3.116407384824342
Iter 18 | Current best value: -3.575382918466782
Iter 19 | Current best value: -3.575382918466782
Iter 20 | Current best value: -3.575382918466782
Iter 21 | Current best value: -3.575382918466782
Iter 22 | Current best value: -3.575382918466782
Iter 23 | Current best value: -3.575382918466782
Iter 24 | Current best value: -3.575382918466782
Iter 25 | Current best value: -3.575382918466782
Iter 26 | Current best value: -3.8269823369180904
Iter 27 | Current best value: -3.8269823369180904
Iter 28 | Current best value: -3.8269823369180904
Iter 29 | Current best value: -3.8269823369180904
Iter 30 | Current best value: -3.8269823369180904
Iter 31 | Current best value: -3.8269823369180904
Iter 32 | Current best value: -3.8269823369180904
Iter 33 | Current best value: -3.8269823369180904
Iter 34 | Current best value: -3.8269823369180904
Iter 35 | Current best value: -3.8269823369180904
Iter 36 | Current best value: -3.8269823369180904
Iter 37 | Current best value: -3.8269823369180904
Iter 38 | Current best value: -3.8269823369180904
Iter 39 | Current best value: -3.94454402695409
Iter 40 | Current best value: -3.94454402695409
Iter 41 | Current best value: -3.94454402695409
Iter 42 | Current best value: -3.94454402695409
Iter 43 | Current best value: -3.94454402695409
Iter 44 | Current best value: -3.94454402695409
Iter 45 | Current best value: -3.94454402695409
Iter 46 | Current best value: -3.94454402695409
Iter 47 | Current best value: -3.94454402695409
Iter 48 | Current best value: -3.94454402695409
Iter 49 | Current best value: -3.94454402695409
Running Expected Improvement (EI)
Iter 0 | Current best value: -2.569168756982391
Iter 1 | Current best value: -2.569168756982391
Iter 2 | Current best value: -2.569168756982391
Iter 3 | Current best value: -2.569168756982391
Iter 4 | Current best value: -2.569168756982391
Iter 5 | Current best value: -2.569168756982391
Iter 6 | Current best value: -2.569168756982391
Iter 7 | Current best value: -2.569168756982391
Iter 8 | Current best value: -2.569168756982391
Iter 9 | Current best value: -2.569168756982391
Iter 10 | Current best value: -2.569168756982391
Iter 11 | Current best value: -2.569168756982391
Iter 12 | Current best value: -2.569168756982391
Iter 13 | Current best value: -2.569168756982391
Iter 14 | Current best value: -2.569168756982391
Iter 15 | Current best value: -2.569168756982391
Iter 16 | Current best value: -2.569168756982391
Iter 17 | Current best value: -2.569168756982391
Iter 18 | Current best value: -2.569168756982391
Iter 19 | Current best value: -2.569168756982391
Iter 20 | Current best value: -2.569168756982391
Iter 21 | Current best value: -2.569168756982391
Iter 22 | Current best value: -2.569168756982391
Iter 23 | Current best value: -2.569168756982391
Iter 24 | Current best value: -2.81268292154855
Iter 25 | Current best value: -2.81268292154855
Iter 26 | Current best value: -2.81268292154855
Iter 27 | Current best value: -2.81268292154855
Iter 28 | Current best value: -2.81268292154855
Iter 29 | Current best value: -2.81268292154855
Iter 30 | Current best value: -2.81268292154855
Iter 31 | Current best value: -2.81268292154855
Iter 32 | Current best value: -3.1276470783345056
Iter 33 | Current best value: -3.2970189643821617
Iter 34 | Current best value: -3.2970189643821617
Iter 35 | Current best value: -3.2970189643821617
Iter 36 | Current best value: -3.2970189643821617
Iter 37 | Current best value: -3.2970189643821617
Iter 38 | Current best value: -3.2970189643821617
Iter 39 | Current best value: -3.2970189643821617
Iter 40 | Current best value: -3.2970189643821617
Iter 41 | Current best value: -3.2970189643821617
Iter 42 | Current best value: -3.2970189643821617
Iter 43 | Current best value: -3.2970189643821617
Iter 44 | Current best value: -3.2970189643821617
Iter 45 | Current best value: -3.2970189643821617
Iter 46 | Current best value: -3.2970189643821617
Iter 47 | Current best value: -3.2970189643821617
Iter 48 | Current best value: -3.2970189643821617
Iter 49 | Current best value: -3.598305172200353
Running Log Expected Improvement (LogEI)
Iter 0 | Current best value: -2.569168756982391
Iter 1 | Current best value: -2.569168756982391
Iter 2 | Current best value: -2.569168756982391
Iter 3 | Current best value: -2.569168756982391
Iter 4 | Current best value: -2.569168756982391
Iter 5 | Current best value: -2.569168756982391
Iter 6 | Current best value: -2.569168756982391
Iter 7 | Current best value: -2.569168756982391
Iter 8 | Current best value: -2.569168756982391
Iter 9 | Current best value: -2.569168756982391
Iter 10 | Current best value: -2.569168756982391
Iter 11 | Current best value: -2.569168756982391
Iter 12 | Current best value: -2.569168756982391
Iter 13 | Current best value: -2.569168756982391
Iter 14 | Current best value: -2.569168756982391
Iter 15 | Current best value: -2.569168756982391
Iter 16 | Current best value: -2.569168756982391
Iter 17 | Current best value: -2.569168756982391
Iter 18 | Current best value: -2.569168756982391
Iter 19 | Current best value: -2.569168756982391
Iter 20 | Current best value: -4.21571037821478
Iter 21 | Current best value: -4.21571037821478
Iter 22 | Current best value: -4.21571037821478
Iter 23 | Current best value: -4.21571037821478
Iter 24 | Current best value: -4.21571037821478
Iter 25 | Current best value: -4.21571037821478
Iter 26 | Current best value: -4.21571037821478
Iter 27 | Current best value: -4.21571037821478
Iter 28 | Current best value: -4.21571037821478
Iter 29 | Current best value: -4.21571037821478
Iter 30 | Current best value: -4.21571037821478
Iter 31 | Current best value: -4.21571037821478
Iter 32 | Current best value: -4.21571037821478
Iter 33 | Current best value: -4.21571037821478
Iter 34 | Current best value: -4.21571037821478
Iter 35 | Current best value: -4.21571037821478
Iter 36 | Current best value: -4.21571037821478
Iter 37 | Current best value: -4.21571037821478
Iter 38 | Current best value: -4.21571037821478
Iter 39 | Current best value: -4.21571037821478
Iter 40 | Current best value: -4.21571037821478
Iter 41 | Current best value: -4.21571037821478
Iter 42 | Current best value: -4.21571037821478
Iter 43 | Current best value: -4.21571037821478
Iter 44 | Current best value: -4.21571037821478
Iter 45 | Current best value: -4.21571037821478
Iter 46 | Current best value: -4.21571037821478
Iter 47 | Current best value: -4.21571037821478
Iter 48 | Current best value: -4.21571037821478
Iter 49 | Current best value: -4.21571037821478
Running Upper Confidence Bound (UCB)
Iter 0 | Current best value: -2.569168756982391
Iter 1 | Current best value: -2.569168756982391
Iter 2 | Current best value: -2.569168756982391
Iter 3 | Current best value: -2.569168756982391
Iter 4 | Current best value: -2.569168756982391
Iter 5 | Current best value: -2.569168756982391
Iter 6 | Current best value: -2.569168756982391
Iter 7 | Current best value: -2.569168756982391
Iter 8 | Current best value: -2.569168756982391
Iter 9 | Current best value: -2.569168756982391
Iter 10 | Current best value: -2.569168756982391
Iter 11 | Current best value: -2.569168756982391
Iter 12 | Current best value: -2.569168756982391
Iter 13 | Current best value: -2.569168756982391
Iter 14 | Current best value: -2.569168756982391
Iter 15 | Current best value: -2.569168756982391
Iter 16 | Current best value: -2.569168756982391
Iter 17 | Current best value: -2.569168756982391
Iter 18 | Current best value: -2.569168756982391
Iter 19 | Current best value: -2.569168756982391
Iter 20 | Current best value: -2.569168756982391
Iter 21 | Current best value: -2.569168756982391
Iter 22 | Current best value: -2.569168756982391
Iter 23 | Current best value: -2.569168756982391
Iter 24 | Current best value: -2.569168756982391
Iter 25 | Current best value: -2.569168756982391
Iter 26 | Current best value: -2.569168756982391
Iter 27 | Current best value: -2.569168756982391
Iter 28 | Current best value: -2.569168756982391
Iter 29 | Current best value: -2.569168756982391
Iter 30 | Current best value: -2.569168756982391
Iter 31 | Current best value: -2.569168756982391
Iter 32 | Current best value: -2.569168756982391
Iter 33 | Current best value: -2.569168756982391
Iter 34 | Current best value: -2.569168756982391
Iter 35 | Current best value: -2.569168756982391
Iter 36 | Current best value: -2.569168756982391
Iter 37 | Current best value: -2.569168756982391
Iter 38 | Current best value: -2.569168756982391
Iter 39 | Current best value: -2.569168756982391
Iter 40 | Current best value: -2.569168756982391
Iter 41 | Current best value: -2.582694779302331
Iter 42 | Current best value: -2.582694779302331
Iter 43 | Current best value: -2.582694779302331
Iter 44 | Current best value: -2.582694779302331
Iter 45 | Current best value: -2.582694779302331
Iter 46 | Current best value: -2.582694779302331
Iter 47 | Current best value: -2.7060250689041343
Iter 48 | Current best value: -2.7060250689041343
Iter 49 | Current best value: -2.7060250689041343
Running Posterior Mean (PosMean)
Completed!
Running Posterior Standard Deviation (PosSTD)
Iter 0 | Current best value: -2.569168756982391
Iter 1 | Current best value: -2.569168756982391
Iter 2 | Current best value: -2.569168756982391
Iter 3 | Current best value: -2.569168756982391
Iter 4 | Current best value: -2.569168756982391
Iter 5 | Current best value: -2.569168756982391
Iter 6 | Current best value: -2.569168756982391
Iter 7 | Current best value: -2.569168756982391
Iter 8 | Current best value: -2.569168756982391
Iter 9 | Current best value: -2.569168756982391
Iter 10 | Current best value: -2.569168756982391
Iter 11 | Current best value: -2.569168756982391
Iter 12 | Current best value: -2.569168756982391
Iter 13 | Current best value: -2.569168756982391
Iter 14 | Current best value: -2.569168756982391
Iter 15 | Current best value: -2.569168756982391
Iter 16 | Current best value: -2.569168756982391
Iter 17 | Current best value: -2.569168756982391
Iter 18 | Current best value: -2.569168756982391
Iter 19 | Current best value: -2.569168756982391
Iter 20 | Current best value: -2.569168756982391
Iter 21 | Current best value: -2.569168756982391
Iter 22 | Current best value: -2.569168756982391
Iter 23 | Current best value: -2.569168756982391
Iter 24 | Current best value: -2.569168756982391
Iter 25 | Current best value: -2.569168756982391
Iter 26 | Current best value: -2.569168756982391
Iter 27 | Current best value: -2.569168756982391
Iter 28 | Current best value: -2.569168756982391
Iter 29 | Current best value: -2.569168756982391
Iter 30 | Current best value: -2.569168756982391
Iter 31 | Current best value: -2.569168756982391
Iter 32 | Current best value: -2.569168756982391
Iter 33 | Current best value: -2.569168756982391
Iter 34 | Current best value: -2.569168756982391
Iter 35 | Current best value: -2.569168756982391
Iter 36 | Current best value: -2.569168756982391
Iter 37 | Current best value: -2.569168756982391
Iter 38 | Current best value: -2.569168756982391
Iter 39 | Current best value: -2.569168756982391
Iter 40 | Current best value: -2.569168756982391
Iter 41 | Current best value: -2.569168756982391
Iter 42 | Current best value: -2.569168756982391
Iter 43 | Current best value: -2.569168756982391
Iter 44 | Current best value: -2.569168756982391
Iter 45 | Current best value: -2.569168756982391
Iter 46 | Current best value: -2.569168756982391
Iter 47 | Current best value: -2.569168756982391
Iter 48 | Current best value: -2.569168756982391
Iter 49 | Current best value: -2.569168756982391
Running Thompson Sampling (TS)
Iter 0 | Current best value: -2.569168756982391
Iter 1 | Current best value: -2.569168756982391
Iter 2 | Current best value: -2.569168756982391
Iter 3 | Current best value: -2.569168756982391
Iter 4 | Current best value: -2.569168756982391
Iter 5 | Current best value: -2.569168756982391
Iter 6 | Current best value: -2.569168756982391
Iter 7 | Current best value: -2.569168756982391
Iter 8 | Current best value: -2.569168756982391
Iter 9 | Current best value: -2.569168756982391
Iter 10 | Current best value: -2.569168756982391
Iter 11 | Current best value: -2.569168756982391
Iter 12 | Current best value: -2.569168756982391
Iter 13 | Current best value: -2.569168756982391
Iter 14 | Current best value: -2.569168756982391
Iter 15 | Current best value: -2.569168756982391
Iter 16 | Current best value: -2.569168756982391
Iter 17 | Current best value: -2.569168756982391
Iter 18 | Current best value: -2.569168756982391
Iter 19 | Current best value: -2.6999954642198647
Iter 20 | Current best value: -2.6999954642198647
Iter 21 | Current best value: -2.6999954642198647
Iter 22 | Current best value: -2.6999954642198647
Iter 23 | Current best value: -2.6999954642198647
Iter 24 | Current best value: -2.6999954642198647
Iter 25 | Current best value: -2.6999954642198647
Iter 26 | Current best value: -2.6999954642198647
Iter 27 | Current best value: -2.6999954642198647
Iter 28 | Current best value: -2.6999954642198647
Iter 29 | Current best value: -2.6999954642198647
Iter 30 | Current best value: -2.6999954642198647
Iter 31 | Current best value: -2.6999954642198647
Iter 32 | Current best value: -2.6999954642198647
Iter 33 | Current best value: -2.6999954642198647
Iter 34 | Current best value: -2.6999954642198647
Iter 35 | Current best value: -2.6999954642198647
Iter 36 | Current best value: -2.6999954642198647
Iter 37 | Current best value: -2.6999954642198647
Iter 38 | Current best value: -2.6999954642198647
Iter 39 | Current best value: -2.6999954642198647
Iter 40 | Current best value: -2.6999954642198647
Iter 41 | Current best value: -2.6999954642198647
Iter 42 | Current best value: -2.6999954642198647
Iter 43 | Current best value: -2.6999954642198647
Iter 44 | Current best value: -2.6999954642198647
Iter 45 | Current best value: -2.6999954642198647
Iter 46 | Current best value: -2.6999954642198647
Iter 47 | Current best value: -2.6999954642198647
Iter 48 | Current best value: -2.6999954642198647
Iter 49 | Current best value: -2.6999954642198647
Running Knowledge Gradient (qKG)
Iter 0 | Current best value: -2.569168756982391
Iter 1 | Current best value: -2.569168756982391
Iter 2 | Current best value: -2.569168756982391
Iter 3 | Current best value: -2.569168756982391
Iter 4 | Current best value: -2.569168756982391
Iter 5 | Current best value: -2.569168756982391
Iter 6 | Current best value: -2.569168756982391
Iter 7 | Current best value: -2.569168756982391
Iter 8 | Current best value: -2.88194485906236
Iter 9 | Current best value: -2.88194485906236
Iter 10 | Current best value: -2.88194485906236
Iter 11 | Current best value: -2.88194485906236
Iter 12 | Current best value: -2.88194485906236
Iter 13 | Current best value: -2.88194485906236
Iter 14 | Current best value: -2.88194485906236
Iter 15 | Current best value: -2.88194485906236
Iter 16 | Current best value: -2.88194485906236
Iter 17 | Current best value: -2.88194485906236
Iter 18 | Current best value: -2.88194485906236
Iter 19 | Current best value: -2.88194485906236
Iter 20 | Current best value: -2.88194485906236
Iter 21 | Current best value: -2.88194485906236
Iter 22 | Current best value: -2.88194485906236
Iter 23 | Current best value: -2.88194485906236
Iter 24 | Current best value: -2.88194485906236
Iter 25 | Current best value: -2.88194485906236
Iter 26 | Current best value: -2.88194485906236
Iter 27 | Current best value: -2.88194485906236
Iter 28 | Current best value: -2.88194485906236
Iter 29 | Current best value: -2.88194485906236
Iter 30 | Current best value: -2.88194485906236
Iter 31 | Current best value: -2.88194485906236
Iter 32 | Current best value: -2.88194485906236
Iter 33 | Current best value: -2.88194485906236
Iter 34 | Current best value: -2.88194485906236
Iter 35 | Current best value: -2.88194485906236
Iter 36 | Current best value: -2.88194485906236
Iter 37 | Current best value: -2.88194485906236
Iter 38 | Current best value: -2.88194485906236
Iter 39 | Current best value: -2.88194485906236
Iter 40 | Current best value: -2.88194485906236
Iter 41 | Current best value: -2.88194485906236
Iter 42 | Current best value: -2.88194485906236
Iter 43 | Current best value: -2.88194485906236
Iter 44 | Current best value: -2.88194485906236
Iter 45 | Current best value: -2.88194485906236
Iter 46 | Current best value: -2.88194485906236
Iter 47 | Current best value: -2.88194485906236
Iter 48 | Current best value: -2.88194485906236
Iter 49 | Current best value: -2.88194485906236
Running Predictive Entropy Search (qPES)
Iter 0 | Current best value: -2.569168756982391
Iter 1 | Current best value: -2.569168756982391
Iter 2 | Current best value: -2.569168756982391
Iter 3 | Current best value: -2.569168756982391
Iter 4 | Current best value: -2.569168756982391
Iter 5 | Current best value: -2.569168756982391
Iter 6 | Current best value: -2.569168756982391
Iter 7 | Current best value: -2.569168756982391
Iter 8 | Current best value: -2.569168756982391
Iter 9 | Current best value: -2.569168756982391
Iter 10 | Current best value: -2.569168756982391
Iter 11 | Current best value: -2.569168756982391
Iter 12 | Current best value: -2.569168756982391
Iter 13 | Current best value: -2.707874620675211
Iter 14 | Current best value: -2.707874620675211
Iter 15 | Current best value: -2.707874620675211
Iter 16 | Current best value: -2.707874620675211
Iter 17 | Current best value: -2.707874620675211
Iter 18 | Current best value: -2.707874620675211
Iter 19 | Current best value: -2.707874620675211
Iter 20 | Current best value: -2.707874620675211
Iter 21 | Current best value: -2.707874620675211
Iter 22 | Current best value: -2.707874620675211
Iter 23 | Current best value: -2.707874620675211
Iter 24 | Current best value: -2.707874620675211
Iter 25 | Current best value: -2.707874620675211
Iter 26 | Current best value: -2.707874620675211
Iter 27 | Current best value: -2.707874620675211
Iter 28 | Current best value: -2.707874620675211
Iter 29 | Current best value: -2.707874620675211
Iter 30 | Current best value: -2.707874620675211
Iter 31 | Current best value: -2.707874620675211
Iter 32 | Current best value: -2.707874620675211
Iter 33 | Current best value: -2.707874620675211
Iter 34 | Current best value: -2.707874620675211
Iter 35 | Current best value: -2.707874620675211
Iter 36 | Current best value: -2.707874620675211
Iter 37 | Current best value: -2.707874620675211
Iter 38 | Current best value: -2.707874620675211
Iter 39 | Current best value: -2.707874620675211
Iter 40 | Current best value: -2.707874620675211
Iter 41 | Current best value: -2.707874620675211
Iter 42 | Current best value: -2.707874620675211
Iter 43 | Current best value: -2.707874620675211
Iter 44 | Current best value: -2.707874620675211
Iter 45 | Current best value: -2.707874620675211
Iter 46 | Current best value: -2.707874620675211
Iter 47 | Current best value: -2.707874620675211
Iter 48 | Current best value: -2.852871480603219
Iter 49 | Current best value: -2.852871480603219
Running Max-value Entropy Search (qMES)
Iter 0 | Current best value: -2.569168756982391
Iter 1 | Current best value: -2.569168756982391
Iter 2 | Current best value: -2.569168756982391
Iter 3 | Current best value: -2.569168756982391
Iter 4 | Current best value: -2.569168756982391
Iter 5 | Current best value: -2.569168756982391
Iter 6 | Current best value: -2.569168756982391
Iter 7 | Current best value: -2.569168756982391
Iter 8 | Current best value: -2.569168756982391
Iter 9 | Current best value: -2.569168756982391
Iter 10 | Current best value: -2.569168756982391
Iter 11 | Current best value: -2.569168756982391
Iter 12 | Current best value: -2.569168756982391
Iter 13 | Current best value: -2.569168756982391
Iter 14 | Current best value: -2.569168756982391
Iter 15 | Current best value: -2.569168756982391
Iter 16 | Current best value: -2.569168756982391
Iter 17 | Current best value: -2.569168756982391
Iter 18 | Current best value: -2.569168756982391
Iter 19 | Current best value: -2.569168756982391
Iter 20 | Current best value: -2.569168756982391
Iter 21 | Current best value: -2.569168756982391
Iter 22 | Current best value: -2.569168756982391
Iter 23 | Current best value: -2.569168756982391
Iter 24 | Current best value: -2.569168756982391
Iter 25 | Current best value: -2.569168756982391
Iter 26 | Current best value: -2.569168756982391
Iter 27 | Current best value: -2.569168756982391
Iter 28 | Current best value: -2.569168756982391
Iter 29 | Current best value: -2.569168756982391
Iter 30 | Current best value: -2.569168756982391
Iter 31 | Current best value: -2.569168756982391
Iter 32 | Current best value: -2.569168756982391
Iter 33 | Current best value: -2.569168756982391
Iter 34 | Current best value: -2.569168756982391
Iter 35 | Current best value: -2.569168756982391
Iter 36 | Current best value: -2.569168756982391
Iter 37 | Current best value: -2.569168756982391
Iter 38 | Current best value: -2.569168756982391
Iter 39 | Current best value: -2.569168756982391
Iter 40 | Current best value: -2.569168756982391
Iter 41 | Current best value: -2.569168756982391
Iter 42 | Current best value: -2.569168756982391
Iter 43 | Current best value: -2.569168756982391
Iter 44 | Current best value: -2.569168756982391
Iter 45 | Current best value: -2.569168756982391
Iter 46 | Current best value: -2.569168756982391
Iter 47 | Current best value: -3.897925549083738
Iter 48 | Current best value: -3.897925549083738
Iter 49 | Current best value: -3.897925549083738
Running Joint Entropy Search (qJES)
Iter 0 | Current best value: -2.569168756982391
Iter 1 | Current best value: -2.569168756982391
Iter 2 | Current best value: -2.569168756982391
Iter 3 | Current best value: -2.569168756982391
Iter 4 | Current best value: -2.569168756982391
Iter 5 | Current best value: -2.569168756982391
Iter 6 | Current best value: -2.569168756982391
Iter 7 | Current best value: -2.569168756982391
Iter 8 | Current best value: -2.569168756982391
Iter 9 | Current best value: -2.569168756982391
Iter 10 | Current best value: -2.569168756982391
Iter 11 | Current best value: -2.569168756982391
Iter 12 | Current best value: -2.569168756982391
Iter 13 | Current best value: -2.569168756982391
Iter 14 | Current best value: -2.569168756982391
Iter 15 | Current best value: -2.569168756982391
Iter 16 | Current best value: -2.569168756982391
Iter 17 | Current best value: -2.569168756982391
Iter 18 | Current best value: -2.569168756982391
Iter 19 | Current best value: -2.569168756982391
Iter 20 | Current best value: -2.569168756982391
Iter 21 | Current best value: -2.569168756982391
Iter 22 | Current best value: -2.569168756982391
Iter 23 | Current best value: -2.569168756982391
Iter 24 | Current best value: -2.569168756982391
Iter 25 | Current best value: -2.569168756982391
Iter 26 | Current best value: -2.569168756982391
Iter 27 | Current best value: -2.569168756982391
Iter 28 | Current best value: -2.569168756982391
Iter 29 | Current best value: -2.569168756982391
Iter 30 | Current best value: -2.569168756982391
Iter 31 | Current best value: -2.569168756982391
Iter 32 | Current best value: -2.569168756982391
Iter 33 | Current best value: -2.569168756982391
Iter 34 | Current best value: -2.569168756982391
Iter 35 | Current best value: -2.569168756982391
Iter 36 | Current best value: -2.569168756982391
Iter 37 | Current best value: -2.569168756982391
Iter 38 | Current best value: -2.569168756982391
Iter 39 | Current best value: -2.569168756982391
Iter 40 | Current best value: -2.569168756982391
Iter 41 | Current best value: -2.569168756982391
Iter 42 | Current best value: -2.569168756982391
Iter 43 | Current best value: -2.569168756982391
Iter 44 | Current best value: -2.569168756982391
Iter 45 | Current best value: -2.569168756982391
Iter 46 | Current best value: -2.569168756982391
Iter 47 | Current best value: -2.569168756982391
Iter 48 | Current best value: -2.569168756982391
Iter 49 | Current best value: -2.569168756982391
RUN 7
Running Probability of Improvement (PI)
Iter 0 | Current best value: -3.525684218992047
Iter 1 | Current best value: -3.525684218992047
Iter 2 | Current best value: -3.525684218992047
Iter 3 | Current best value: -3.525684218992047
Iter 4 | Current best value: -3.525684218992047
Iter 5 | Current best value: -3.525684218992047
Iter 6 | Current best value: -3.525684218992047
Iter 7 | Current best value: -3.525684218992047
Iter 8 | Current best value: -3.525684218992047
Iter 9 | Current best value: -3.525684218992047
Iter 10 | Current best value: -3.525684218992047
Iter 11 | Current best value: -3.525684218992047
Iter 12 | Current best value: -3.525684218992047
Iter 13 | Current best value: -3.525684218992047
Iter 14 | Current best value: -3.5503299538470054
Iter 15 | Current best value: -3.6451890310612396
Iter 16 | Current best value: -3.943641550127111
Iter 17 | Current best value: -3.943641550127111
Iter 18 | Current best value: -3.943641550127111
Iter 19 | Current best value: -3.943641550127111
Iter 20 | Current best value: -3.943641550127111
Iter 21 | Current best value: -3.943641550127111
Iter 22 | Current best value: -3.943641550127111
Iter 23 | Current best value: -3.943641550127111
Iter 24 | Current best value: -3.943641550127111
Iter 25 | Current best value: -4.009351715454122
Iter 26 | Current best value: -4.009351715454122
Iter 27 | Current best value: -4.009351715454122
Iter 28 | Current best value: -4.009351715454122
Iter 29 | Current best value: -4.009351715454122
Iter 30 | Current best value: -4.009351715454122
Iter 31 | Current best value: -4.009351715454122
Iter 32 | Current best value: -4.009351715454122
Iter 33 | Current best value: -4.009351715454122
Iter 34 | Current best value: -4.009351715454122
Iter 35 | Current best value: -4.009351715454122
Iter 36 | Current best value: -4.009351715454122
Iter 37 | Current best value: -4.009351715454122
Iter 38 | Current best value: -4.009351715454122
Iter 39 | Current best value: -4.009351715454122
Iter 40 | Current best value: -4.009351715454122
Iter 41 | Current best value: -4.009351715454122
Iter 42 | Current best value: -4.009351715454122
Iter 43 | Current best value: -4.009351715454122
Iter 44 | Current best value: -4.009351715454122
Iter 45 | Current best value: -5.131957820989653
Iter 46 | Current best value: -5.131957820989653
Iter 47 | Current best value: -5.131957820989653
Iter 48 | Current best value: -5.131957820989653
Iter 49 | Current best value: -5.131957820989653
Running Log Probability of Improvement (LogPI)
Iter 0 | Current best value: -3.525684218992047
Iter 1 | Current best value: -3.5691889855491246
Iter 2 | Current best value: -4.3279303240505005
Iter 3 | Current best value: -4.3279303240505005
Iter 4 | Current best value: -4.577182896854122
Iter 5 | Current best value: -4.577182896854122
Iter 6 | Current best value: -4.577182896854122
Iter 7 | Current best value: -4.577182896854122
Iter 8 | Current best value: -4.577182896854122
Iter 9 | Current best value: -4.577182896854122
Iter 10 | Current best value: -4.577182896854122
Iter 11 | Current best value: -4.577182896854122
Iter 12 | Current best value: -4.577182896854122
Iter 13 | Current best value: -4.577182896854122
Iter 14 | Current best value: -4.577182896854122
Iter 15 | Current best value: -4.577182896854122
Iter 16 | Current best value: -4.577182896854122
Iter 17 | Current best value: -4.577182896854122
Iter 18 | Current best value: -4.577182896854122
Iter 19 | Current best value: -4.577182896854122
Iter 20 | Current best value: -4.577182896854122
Iter 21 | Current best value: -4.577182896854122
Iter 22 | Current best value: -4.577182896854122
Iter 23 | Current best value: -4.577182896854122
Iter 24 | Current best value: -4.577182896854122
Iter 25 | Current best value: -4.577182896854122
Iter 26 | Current best value: -4.577182896854122
Iter 27 | Current best value: -4.577182896854122
Iter 28 | Current best value: -4.577182896854122
Iter 29 | Current best value: -4.577182896854122
Iter 30 | Current best value: -4.577182896854122
Iter 31 | Current best value: -4.577182896854122
Iter 32 | Current best value: -4.577182896854122
Iter 33 | Current best value: -4.577182896854122
Iter 34 | Current best value: -4.577182896854122
Iter 35 | Current best value: -4.577182896854122
Iter 36 | Current best value: -4.577182896854122
Iter 37 | Current best value: -4.577182896854122
Iter 38 | Current best value: -4.577182896854122
Iter 39 | Current best value: -4.577182896854122
Iter 40 | Current best value: -4.577182896854122
Iter 41 | Current best value: -4.577182896854122
Iter 42 | Current best value: -4.577182896854122
Iter 43 | Current best value: -4.577182896854122
Iter 44 | Current best value: -4.577182896854122
Iter 45 | Current best value: -4.577182896854122
Iter 46 | Current best value: -4.577182896854122
Iter 47 | Current best value: -4.577182896854122
Iter 48 | Current best value: -4.577182896854122
Iter 49 | Current best value: -4.577182896854122
Running Expected Improvement (EI)
Iter 0 | Current best value: -3.525684218992047
Iter 1 | Current best value: -3.525684218992047
Iter 2 | Current best value: -3.525684218992047
Iter 3 | Current best value: -3.525684218992047
Iter 4 | Current best value: -3.525684218992047
Iter 5 | Current best value: -3.525684218992047
Iter 6 | Current best value: -3.525684218992047
Iter 7 | Current best value: -3.525684218992047
Iter 8 | Current best value: -3.525684218992047
Iter 9 | Current best value: -3.525684218992047
Iter 10 | Current best value: -3.525684218992047
Iter 11 | Current best value: -3.525684218992047
Iter 12 | Current best value: -3.525684218992047
Iter 13 | Current best value: -3.525684218992047
Iter 14 | Current best value: -3.525684218992047
Iter 15 | Current best value: -3.525684218992047
Iter 16 | Current best value: -3.525684218992047
Iter 17 | Current best value: -3.525684218992047
Iter 18 | Current best value: -3.525684218992047
Iter 19 | Current best value: -3.525684218992047
Iter 20 | Current best value: -3.525684218992047
Iter 21 | Current best value: -3.525684218992047
Iter 22 | Current best value: -3.525684218992047
Iter 23 | Current best value: -3.525684218992047
Iter 24 | Current best value: -3.525684218992047
Iter 25 | Current best value: -3.525684218992047
Iter 26 | Current best value: -3.525684218992047
Iter 27 | Current best value: -3.525684218992047
Iter 28 | Current best value: -3.525684218992047
Iter 29 | Current best value: -3.525684218992047
Iter 30 | Current best value: -3.525684218992047
Iter 31 | Current best value: -3.525684218992047
Iter 32 | Current best value: -3.525684218992047
Iter 33 | Current best value: -3.525684218992047
Iter 34 | Current best value: -3.525684218992047
Iter 35 | Current best value: -3.525684218992047
Iter 36 | Current best value: -3.525684218992047
Iter 37 | Current best value: -3.525684218992047
Iter 38 | Current best value: -3.525684218992047
Iter 39 | Current best value: -3.525684218992047
Iter 40 | Current best value: -3.525684218992047
Iter 41 | Current best value: -3.5526020038166646
Iter 42 | Current best value: -3.5526020038166646
Iter 43 | Current best value: -3.5526020038166646
Iter 44 | Current best value: -3.5526020038166646
Iter 45 | Current best value: -3.5526020038166646
Iter 46 | Current best value: -3.5526020038166646
Iter 47 | Current best value: -3.5526020038166646
Iter 48 | Current best value: -3.5526020038166646
Iter 49 | Current best value: -3.5526020038166646
Running Log Expected Improvement (LogEI)
Iter 0 | Current best value: -3.567044915528804
Iter 1 | Current best value: -3.567044915528804
Iter 2 | Current best value: -3.567044915528804
Iter 3 | Current best value: -3.567044915528804
Iter 4 | Current best value: -3.567044915528804
Iter 5 | Current best value: -3.567044915528804
Iter 6 | Current best value: -3.567044915528804
Iter 7 | Current best value: -3.567044915528804
Iter 8 | Current best value: -3.567044915528804
Iter 9 | Current best value: -3.567044915528804
Iter 10 | Current best value: -3.567044915528804
Iter 11 | Current best value: -3.567044915528804
Iter 12 | Current best value: -3.567044915528804
Iter 13 | Current best value: -3.567044915528804
Iter 14 | Current best value: -3.567044915528804
Iter 15 | Current best value: -3.567044915528804
Iter 16 | Current best value: -3.567044915528804
Iter 17 | Current best value: -3.567044915528804
Iter 18 | Current best value: -3.567044915528804
Iter 19 | Current best value: -3.567044915528804
Iter 20 | Current best value: -3.567044915528804
Iter 21 | Current best value: -3.567044915528804
Iter 22 | Current best value: -3.567044915528804
Iter 23 | Current best value: -3.567044915528804
Iter 24 | Current best value: -3.567044915528804
Iter 25 | Current best value: -3.7469300513928996
Iter 26 | Current best value: -3.855225933109916
Iter 27 | Current best value: -3.893250658067485
Iter 28 | Current best value: -3.893250658067485
Iter 29 | Current best value: -3.893250658067485
Iter 30 | Current best value: -4.197545520381876
Iter 31 | Current best value: -4.197545520381876
Iter 32 | Current best value: -4.197545520381876
Iter 33 | Current best value: -4.197545520381876
Iter 34 | Current best value: -4.197545520381876
Iter 35 | Current best value: -4.197545520381876
Iter 36 | Current best value: -4.197545520381876
Iter 37 | Current best value: -4.197545520381876
Iter 38 | Current best value: -4.197545520381876
Iter 39 | Current best value: -4.197545520381876
Iter 40 | Current best value: -4.197545520381876
Iter 41 | Current best value: -4.197545520381876
Iter 42 | Current best value: -4.197545520381876
Iter 43 | Current best value: -4.197545520381876
Iter 44 | Current best value: -4.197545520381876
Iter 45 | Current best value: -4.197545520381876
Iter 46 | Current best value: -4.197545520381876
Iter 47 | Current best value: -4.197545520381876
Iter 48 | Current best value: -4.197545520381876
Iter 49 | Current best value: -4.197545520381876
Running Upper Confidence Bound (UCB)
Iter 0 | Current best value: -3.525684218992047
Iter 1 | Current best value: -3.525684218992047
Iter 2 | Current best value: -3.525684218992047
Iter 3 | Current best value: -3.525684218992047
Iter 4 | Current best value: -3.525684218992047
Iter 5 | Current best value: -3.525684218992047
Iter 6 | Current best value: -3.525684218992047
Iter 7 | Current best value: -3.525684218992047
Iter 8 | Current best value: -3.525684218992047
Iter 9 | Current best value: -3.525684218992047
Iter 10 | Current best value: -3.525684218992047
Iter 11 | Current best value: -3.525684218992047
Iter 12 | Current best value: -3.525684218992047
Iter 13 | Current best value: -3.525684218992047
Iter 14 | Current best value: -3.525684218992047
Iter 15 | Current best value: -3.525684218992047
Iter 16 | Current best value: -3.525684218992047
Iter 17 | Current best value: -3.525684218992047
Iter 18 | Current best value: -3.525684218992047
Iter 19 | Current best value: -3.525684218992047
Iter 20 | Current best value: -3.525684218992047
Iter 21 | Current best value: -3.525684218992047
Iter 22 | Current best value: -3.525684218992047
Iter 23 | Current best value: -3.525684218992047
Iter 24 | Current best value: -3.525684218992047
Iter 25 | Current best value: -3.525684218992047
Iter 26 | Current best value: -3.525684218992047
Iter 27 | Current best value: -3.525684218992047
Iter 28 | Current best value: -3.525684218992047
Iter 29 | Current best value: -3.525684218992047
Iter 30 | Current best value: -3.525684218992047
Iter 31 | Current best value: -3.525684218992047
Iter 32 | Current best value: -3.525684218992047
Iter 33 | Current best value: -3.525684218992047
Iter 34 | Current best value: -3.525684218992047
Iter 35 | Current best value: -3.525684218992047
Iter 36 | Current best value: -3.525684218992047
Iter 37 | Current best value: -3.525684218992047
Iter 38 | Current best value: -3.525684218992047
Iter 39 | Current best value: -3.525684218992047
Iter 40 | Current best value: -3.525684218992047
Iter 41 | Current best value: -3.525684218992047
Iter 42 | Current best value: -3.525684218992047
Iter 43 | Current best value: -3.525684218992047
Iter 44 | Current best value: -3.525684218992047
Iter 45 | Current best value: -3.525684218992047
Iter 46 | Current best value: -3.525684218992047
Iter 47 | Current best value: -3.525684218992047
Iter 48 | Current best value: -3.525684218992047
Iter 49 | Current best value: -3.525684218992047
Running Posterior Mean (PosMean)
Completed!
Running Posterior Standard Deviation (PosSTD)
Iter 0 | Current best value: -3.525684218992047
Iter 1 | Current best value: -3.525684218992047
Iter 2 | Current best value: -3.525684218992047
Iter 3 | Current best value: -3.525684218992047
Iter 4 | Current best value: -3.525684218992047
Iter 5 | Current best value: -3.525684218992047
Iter 6 | Current best value: -3.525684218992047
Iter 7 | Current best value: -3.525684218992047
Iter 8 | Current best value: -3.525684218992047
Iter 9 | Current best value: -3.525684218992047
Iter 10 | Current best value: -3.525684218992047
Iter 11 | Current best value: -3.525684218992047
Iter 12 | Current best value: -3.525684218992047
Iter 13 | Current best value: -3.525684218992047
Iter 14 | Current best value: -3.525684218992047
Iter 15 | Current best value: -3.525684218992047
Iter 16 | Current best value: -3.525684218992047
Iter 17 | Current best value: -3.525684218992047
Iter 18 | Current best value: -3.525684218992047
Iter 19 | Current best value: -3.525684218992047
Iter 20 | Current best value: -3.525684218992047
Iter 21 | Current best value: -3.525684218992047
Iter 22 | Current best value: -3.525684218992047
Iter 23 | Current best value: -3.525684218992047
Iter 24 | Current best value: -3.525684218992047
Iter 25 | Current best value: -3.525684218992047
Iter 26 | Current best value: -3.525684218992047
Iter 27 | Current best value: -3.525684218992047
Iter 28 | Current best value: -3.525684218992047
Iter 29 | Current best value: -3.525684218992047
Iter 30 | Current best value: -3.525684218992047
Iter 31 | Current best value: -3.525684218992047
Iter 32 | Current best value: -3.525684218992047
Iter 33 | Current best value: -3.525684218992047
Iter 34 | Current best value: -3.525684218992047
Iter 35 | Current best value: -3.525684218992047
Iter 36 | Current best value: -3.525684218992047
Iter 37 | Current best value: -3.525684218992047
Iter 38 | Current best value: -3.525684218992047
Iter 39 | Current best value: -3.525684218992047
Iter 40 | Current best value: -3.525684218992047
Iter 41 | Current best value: -3.525684218992047
Iter 42 | Current best value: -3.525684218992047
Iter 43 | Current best value: -3.525684218992047
Iter 44 | Current best value: -3.525684218992047
Iter 45 | Current best value: -3.525684218992047
Iter 46 | Current best value: -3.525684218992047
Iter 47 | Current best value: -3.525684218992047
Iter 48 | Current best value: -3.525684218992047
Iter 49 | Current best value: -3.525684218992047
Running Thompson Sampling (TS)
Iter 0 | Current best value: -3.525684218992047
Iter 1 | Current best value: -3.525684218992047
Iter 2 | Current best value: -3.525684218992047
Iter 3 | Current best value: -3.525684218992047
Iter 4 | Current best value: -3.525684218992047
Iter 5 | Current best value: -3.525684218992047
Iter 6 | Current best value: -3.525684218992047
Iter 7 | Current best value: -3.525684218992047
Iter 8 | Current best value: -3.525684218992047
Iter 9 | Current best value: -3.525684218992047
Iter 10 | Current best value: -3.525684218992047
Iter 11 | Current best value: -3.525684218992047
Iter 12 | Current best value: -3.525684218992047
Iter 13 | Current best value: -3.525684218992047
Iter 14 | Current best value: -3.525684218992047
Iter 15 | Current best value: -3.525684218992047
Iter 16 | Current best value: -3.525684218992047
Iter 17 | Current best value: -3.525684218992047
Iter 18 | Current best value: -3.525684218992047
Iter 19 | Current best value: -3.525684218992047
Iter 20 | Current best value: -3.525684218992047
Iter 21 | Current best value: -3.525684218992047
Iter 22 | Current best value: -3.525684218992047
Iter 23 | Current best value: -3.525684218992047
Iter 24 | Current best value: -3.525684218992047
Iter 25 | Current best value: -3.525684218992047
Iter 26 | Current best value: -3.525684218992047
Iter 27 | Current best value: -3.525684218992047
Iter 28 | Current best value: -3.525684218992047
Iter 29 | Current best value: -3.525684218992047
Iter 30 | Current best value: -3.525684218992047
Iter 31 | Current best value: -3.525684218992047
Iter 32 | Current best value: -3.525684218992047
Iter 33 | Current best value: -3.525684218992047
Iter 34 | Current best value: -3.525684218992047
Iter 35 | Current best value: -3.525684218992047
Iter 36 | Current best value: -3.525684218992047
Iter 37 | Current best value: -3.525684218992047
Iter 38 | Current best value: -3.525684218992047
Iter 39 | Current best value: -3.525684218992047
Iter 40 | Current best value: -3.525684218992047
Iter 41 | Current best value: -3.525684218992047
Iter 42 | Current best value: -3.525684218992047
Iter 43 | Current best value: -3.525684218992047
Iter 44 | Current best value: -3.525684218992047
Iter 45 | Current best value: -3.525684218992047
Iter 46 | Current best value: -3.525684218992047
Iter 47 | Current best value: -3.525684218992047
Iter 48 | Current best value: -3.525684218992047
Iter 49 | Current best value: -3.5725955664744147
Running Knowledge Gradient (qKG)
Iter 0 | Current best value: -3.525684218992047
Iter 1 | Current best value: -3.525684218992047
Iter 2 | Current best value: -3.525684218992047
Iter 3 | Current best value: -3.525684218992047
Iter 4 | Current best value: -3.525684218992047
Iter 5 | Current best value: -3.525684218992047
Iter 6 | Current best value: -3.525684218992047
Iter 7 | Current best value: -3.525684218992047
Iter 8 | Current best value: -3.525684218992047
Iter 9 | Current best value: -3.525684218992047
Iter 10 | Current best value: -3.525684218992047
Iter 11 | Current best value: -3.525684218992047
Iter 12 | Current best value: -3.525684218992047
Iter 13 | Current best value: -3.525684218992047
Iter 14 | Current best value: -3.525684218992047
Iter 15 | Current best value: -3.525684218992047
Iter 16 | Current best value: -3.525684218992047
Iter 17 | Current best value: -3.525684218992047
Iter 18 | Current best value: -3.525684218992047
Iter 19 | Current best value: -3.525684218992047
Iter 20 | Current best value: -3.525684218992047
Iter 21 | Current best value: -3.525684218992047
Iter 22 | Current best value: -3.525684218992047
Iter 23 | Current best value: -3.525684218992047
Iter 24 | Current best value: -3.525684218992047
Iter 25 | Current best value: -3.525684218992047
Iter 26 | Current best value: -3.525684218992047
Iter 27 | Current best value: -3.590095543267301
Iter 28 | Current best value: -3.590095543267301
Iter 29 | Current best value: -3.590095543267301
Iter 30 | Current best value: -3.590095543267301
Iter 31 | Current best value: -3.670396797085627
Iter 32 | Current best value: -3.670396797085627
Iter 33 | Current best value: -3.670396797085627
Iter 34 | Current best value: -3.670396797085627
Iter 35 | Current best value: -3.670396797085627
Iter 36 | Current best value: -3.670396797085627
Iter 37 | Current best value: -3.670396797085627
Iter 38 | Current best value: -3.670396797085627
Iter 39 | Current best value: -3.670396797085627
Iter 40 | Current best value: -3.670396797085627
Iter 41 | Current best value: -3.670396797085627
Iter 42 | Current best value: -3.670396797085627
Iter 43 | Current best value: -3.670396797085627
Iter 44 | Current best value: -3.670396797085627
Iter 45 | Current best value: -3.670396797085627
Iter 46 | Current best value: -3.670396797085627
Iter 47 | Current best value: -3.670396797085627
Iter 48 | Current best value: -3.670396797085627
Iter 49 | Current best value: -3.670396797085627
Running Predictive Entropy Search (qPES)
Iter 0 | Current best value: -3.525684218992047
Iter 1 | Current best value: -3.525684218992047
Iter 2 | Current best value: -3.525684218992047
Iter 3 | Current best value: -3.525684218992047
Iter 4 | Current best value: -3.525684218992047
Iter 5 | Current best value: -3.525684218992047
Iter 6 | Current best value: -3.525684218992047
Iter 7 | Current best value: -3.525684218992047
Iter 8 | Current best value: -3.525684218992047
Iter 9 | Current best value: -3.525684218992047
Iter 10 | Current best value: -3.525684218992047
Iter 11 | Current best value: -3.525684218992047
Iter 12 | Current best value: -3.525684218992047
Iter 13 | Current best value: -3.525684218992047
Iter 14 | Current best value: -3.525684218992047
Iter 15 | Current best value: -3.525684218992047
Iter 16 | Current best value: -3.525684218992047
Iter 17 | Current best value: -3.525684218992047
Iter 18 | Current best value: -3.525684218992047
Iter 19 | Current best value: -3.525684218992047
Iter 20 | Current best value: -3.525684218992047
Iter 21 | Current best value: -3.525684218992047
Iter 22 | Current best value: -3.525684218992047
Iter 23 | Current best value: -3.525684218992047
Iter 24 | Current best value: -3.525684218992047
Iter 25 | Current best value: -3.525684218992047
Iter 26 | Current best value: -3.525684218992047
Iter 27 | Current best value: -3.525684218992047
Iter 28 | Current best value: -3.525684218992047
Iter 29 | Current best value: -3.525684218992047
Iter 30 | Current best value: -3.525684218992047
Iter 31 | Current best value: -3.525684218992047
Iter 32 | Current best value: -3.525684218992047
Iter 33 | Current best value: -3.525684218992047
Iter 34 | Current best value: -3.525684218992047
Iter 35 | Current best value: -3.525684218992047
Iter 36 | Current best value: -3.525684218992047
Iter 37 | Current best value: -3.525684218992047
Iter 38 | Current best value: -3.525684218992047
Iter 39 | Current best value: -3.525684218992047
Iter 40 | Current best value: -3.525684218992047
Iter 41 | Current best value: -3.525684218992047
Iter 42 | Current best value: -3.525684218992047
Iter 43 | Current best value: -3.525684218992047
Iter 44 | Current best value: -3.525684218992047
Iter 45 | Current best value: -3.525684218992047
Iter 46 | Current best value: -3.525684218992047
Iter 47 | Current best value: -3.525684218992047
Iter 48 | Current best value: -3.525684218992047
Iter 49 | Current best value: -3.525684218992047
Running Max-value Entropy Search (qMES)
Iter 0 | Current best value: -3.525684218992047
Iter 1 | Current best value: -3.525684218992047
Iter 2 | Current best value: -3.525684218992047
Iter 3 | Current best value: -3.525684218992047
Iter 4 | Current best value: -3.525684218992047
Iter 5 | Current best value: -3.9866420297561693
Iter 6 | Current best value: -3.9866420297561693
Iter 7 | Current best value: -3.9866420297561693
Iter 8 | Current best value: -3.9866420297561693
Iter 9 | Current best value: -3.9866420297561693
Iter 10 | Current best value: -3.9866420297561693
Iter 11 | Current best value: -3.9866420297561693
Iter 12 | Current best value: -3.9866420297561693
Iter 13 | Current best value: -3.9866420297561693
Iter 14 | Current best value: -3.9866420297561693
Iter 15 | Current best value: -3.9866420297561693
Iter 16 | Current best value: -3.9866420297561693
Iter 17 | Current best value: -3.9866420297561693
Iter 18 | Current best value: -3.9866420297561693
Iter 19 | Current best value: -3.9866420297561693
Iter 20 | Current best value: -3.9866420297561693
Iter 21 | Current best value: -3.9866420297561693
Iter 22 | Current best value: -4.378442722239646
Iter 23 | Current best value: -4.378442722239646
Iter 24 | Current best value: -4.378442722239646
Iter 25 | Current best value: -4.378442722239646
Iter 26 | Current best value: -4.378442722239646
Iter 27 | Current best value: -4.378442722239646
Iter 28 | Current best value: -4.378442722239646
Iter 29 | Current best value: -4.378442722239646
Iter 30 | Current best value: -4.378442722239646
Iter 31 | Current best value: -4.378442722239646
Iter 32 | Current best value: -4.378442722239646
Iter 33 | Current best value: -4.378442722239646
Iter 34 | Current best value: -4.378442722239646
Iter 35 | Current best value: -4.378442722239646
Iter 36 | Current best value: -4.378442722239646
Iter 37 | Current best value: -4.378442722239646
Iter 38 | Current best value: -4.378442722239646
Iter 39 | Current best value: -4.378442722239646
Iter 40 | Current best value: -4.6077311555404
Iter 41 | Current best value: -4.6077311555404
Iter 42 | Current best value: -4.6077311555404
Iter 43 | Current best value: -4.6077311555404
Iter 44 | Current best value: -4.6077311555404
Iter 45 | Current best value: -4.6077311555404
Iter 46 | Current best value: -4.6077311555404
Iter 47 | Current best value: -4.6077311555404
Iter 48 | Current best value: -4.6077311555404
Iter 49 | Current best value: -4.6077311555404
Running Joint Entropy Search (qJES)
Iter 0 | Current best value: -3.525684218992047
Iter 1 | Current best value: -3.525684218992047
Iter 2 | Current best value: -3.525684218992047
Iter 3 | Current best value: -3.525684218992047
Iter 4 | Current best value: -3.525684218992047
Iter 5 | Current best value: -3.525684218992047
Iter 6 | Current best value: -3.525684218992047
Iter 7 | Current best value: -3.525684218992047
Iter 8 | Current best value: -3.525684218992047
Iter 9 | Current best value: -3.525684218992047
Iter 10 | Current best value: -3.525684218992047
Iter 11 | Current best value: -3.525684218992047
Iter 12 | Current best value: -3.525684218992047
Iter 13 | Current best value: -3.525684218992047
Iter 14 | Current best value: -3.525684218992047
Iter 15 | Current best value: -3.525684218992047
Iter 16 | Current best value: -3.525684218992047
Iter 17 | Current best value: -3.525684218992047
Iter 18 | Current best value: -3.525684218992047
Iter 19 | Current best value: -3.525684218992047
Iter 20 | Current best value: -3.525684218992047
Iter 21 | Current best value: -3.525684218992047
Iter 22 | Current best value: -3.525684218992047
Iter 23 | Current best value: -3.525684218992047
Iter 24 | Current best value: -3.525684218992047
Iter 25 | Current best value: -3.525684218992047
Iter 26 | Current best value: -3.525684218992047
Iter 27 | Current best value: -3.525684218992047
Iter 28 | Current best value: -3.525684218992047
Iter 29 | Current best value: -3.525684218992047
Iter 30 | Current best value: -3.525684218992047
Iter 31 | Current best value: -3.525684218992047
Iter 32 | Current best value: -3.525684218992047
Iter 33 | Current best value: -3.525684218992047
Iter 34 | Current best value: -3.525684218992047
Iter 35 | Current best value: -3.525684218992047
Iter 36 | Current best value: -3.525684218992047
Iter 37 | Current best value: -3.525684218992047
Iter 38 | Current best value: -3.525684218992047
Iter 39 | Current best value: -3.525684218992047
Iter 40 | Current best value: -3.525684218992047
Iter 41 | Current best value: -3.525684218992047
Iter 42 | Current best value: -3.525684218992047
Iter 43 | Current best value: -3.525684218992047
Iter 44 | Current best value: -3.525684218992047
Iter 45 | Current best value: -3.525684218992047
Iter 46 | Current best value: -3.525684218992047
Iter 47 | Current best value: -3.525684218992047
Iter 48 | Current best value: -3.525684218992047
Iter 49 | Current best value: -3.525684218992047
RUN 8
Running Probability of Improvement (PI)
Iter 0 | Current best value: -2.6868088346207912
Iter 1 | Current best value: -2.6868088346207912
Iter 2 | Current best value: -2.6868088346207912
Iter 3 | Current best value: -2.6868088346207912
Iter 4 | Current best value: -2.6868088346207912
Iter 5 | Current best value: -2.6868088346207912
Iter 6 | Current best value: -2.6868088346207912
Iter 7 | Current best value: -2.6868088346207912
Iter 8 | Current best value: -2.6868088346207912
Iter 9 | Current best value: -2.6868088346207912
Iter 10 | Current best value: -2.6868088346207912
Iter 11 | Current best value: -4.150387138537631
Iter 12 | Current best value: -4.150387138537631
Iter 13 | Current best value: -4.150387138537631
Iter 14 | Current best value: -4.150387138537631
Iter 15 | Current best value: -4.150387138537631
Iter 16 | Current best value: -4.150387138537631
Iter 17 | Current best value: -4.150387138537631
Iter 18 | Current best value: -4.150387138537631
Iter 19 | Current best value: -4.150387138537631
Iter 20 | Current best value: -4.150387138537631
Iter 21 | Current best value: -4.150387138537631
Iter 22 | Current best value: -4.150387138537631
Iter 23 | Current best value: -4.150387138537631
Iter 24 | Current best value: -4.150387138537631
Iter 25 | Current best value: -4.150387138537631
Iter 26 | Current best value: -4.150387138537631
Iter 27 | Current best value: -4.150387138537631
Iter 28 | Current best value: -4.150387138537631
Iter 29 | Current best value: -4.150387138537631
Iter 30 | Current best value: -4.150387138537631
Iter 31 | Current best value: -4.150387138537631
Iter 32 | Current best value: -4.150387138537631
Iter 33 | Current best value: -4.150387138537631
Iter 34 | Current best value: -4.150387138537631
Iter 35 | Current best value: -4.150387138537631
Iter 36 | Current best value: -4.150387138537631
Iter 37 | Current best value: -4.150387138537631
Iter 38 | Current best value: -4.150387138537631
Iter 39 | Current best value: -4.150387138537631
Iter 40 | Current best value: -4.150387138537631
Iter 41 | Current best value: -4.150387138537631
Iter 42 | Current best value: -4.150387138537631
Iter 43 | Current best value: -4.150387138537631
Iter 44 | Current best value: -4.150387138537631
Iter 45 | Current best value: -4.150387138537631
Iter 46 | Current best value: -4.150387138537631
Iter 47 | Current best value: -4.150387138537631
Iter 48 | Current best value: -4.150387138537631
Iter 49 | Current best value: -4.150387138537631
Running Log Probability of Improvement (LogPI)
Iter 0 | Current best value: -2.6868088346207912
Iter 1 | Current best value: -2.6868088346207912
Iter 2 | Current best value: -2.6868088346207912
Iter 3 | Current best value: -2.6868088346207912
Iter 4 | Current best value: -2.6868088346207912
Iter 5 | Current best value: -2.6868088346207912
Iter 6 | Current best value: -2.6868088346207912
Iter 7 | Current best value: -2.6868088346207912
Iter 8 | Current best value: -2.6868088346207912
Iter 9 | Current best value: -2.6868088346207912
Iter 10 | Current best value: -2.6868088346207912
Iter 11 | Current best value: -2.925743747793933
Iter 12 | Current best value: -2.925743747793933
Iter 13 | Current best value: -2.925743747793933
Iter 14 | Current best value: -2.925743747793933
Iter 15 | Current best value: -2.925743747793933
Iter 16 | Current best value: -2.925743747793933
Iter 17 | Current best value: -2.925743747793933
Iter 18 | Current best value: -2.925743747793933
Iter 19 | Current best value: -2.925743747793933
Iter 20 | Current best value: -2.925743747793933
Iter 21 | Current best value: -2.925743747793933
Iter 22 | Current best value: -2.925743747793933
Iter 23 | Current best value: -2.925743747793933
Iter 24 | Current best value: -2.925743747793933
Iter 25 | Current best value: -2.925743747793933
Iter 26 | Current best value: -2.925743747793933
Iter 27 | Current best value: -2.925743747793933
Iter 28 | Current best value: -2.925743747793933
Iter 29 | Current best value: -2.925743747793933
Iter 30 | Current best value: -2.925743747793933
Iter 31 | Current best value: -2.925743747793933
Iter 32 | Current best value: -2.925743747793933
Iter 33 | Current best value: -2.925743747793933
Iter 34 | Current best value: -2.925743747793933
Iter 35 | Current best value: -2.925743747793933
Iter 36 | Current best value: -2.925743747793933
Iter 37 | Current best value: -2.925743747793933
Iter 38 | Current best value: -2.925743747793933
Iter 39 | Current best value: -2.925743747793933
Iter 40 | Current best value: -2.925743747793933
Iter 41 | Current best value: -2.925743747793933
Iter 42 | Current best value: -2.925743747793933
Iter 43 | Current best value: -2.925743747793933
Iter 44 | Current best value: -2.925743747793933
Iter 45 | Current best value: -2.925743747793933
Iter 46 | Current best value: -2.925743747793933
Iter 47 | Current best value: -2.925743747793933
Iter 48 | Current best value: -2.925743747793933
Iter 49 | Current best value: -2.925743747793933
Running Expected Improvement (EI)
Iter 0 | Current best value: -2.6868088346207912
Iter 1 | Current best value: -2.9258033087792734
Iter 2 | Current best value: -2.9258033087792734
Iter 3 | Current best value: -2.9258033087792734
Iter 4 | Current best value: -2.9258033087792734
Iter 5 | Current best value: -2.9258033087792734
Iter 6 | Current best value: -2.9258033087792734
Iter 7 | Current best value: -2.9258033087792734
Iter 8 | Current best value: -2.9258033087792734
Iter 9 | Current best value: -2.9258033087792734
Iter 10 | Current best value: -2.9258033087792734
Iter 11 | Current best value: -2.9258033087792734
Iter 12 | Current best value: -2.9258033087792734
Iter 13 | Current best value: -2.9258033087792734
Iter 14 | Current best value: -2.9258033087792734
Iter 15 | Current best value: -2.9258033087792734
Iter 16 | Current best value: -2.9258033087792734
Iter 17 | Current best value: -2.9258033087792734
Iter 18 | Current best value: -3.2861675058553486
Iter 19 | Current best value: -3.2861675058553486
Iter 20 | Current best value: -3.2861675058553486
Iter 21 | Current best value: -3.2861675058553486
Iter 22 | Current best value: -3.2861675058553486
Iter 23 | Current best value: -3.2861675058553486
Iter 24 | Current best value: -3.2861675058553486
Iter 25 | Current best value: -3.2861675058553486
Iter 26 | Current best value: -3.2861675058553486
Iter 27 | Current best value: -3.2861675058553486
Iter 28 | Current best value: -3.2861675058553486
Iter 29 | Current best value: -3.2861675058553486
Iter 30 | Current best value: -3.2861675058553486
Iter 31 | Current best value: -3.2861675058553486
Iter 32 | Current best value: -3.2861675058553486
Iter 33 | Current best value: -3.2861675058553486
Iter 34 | Current best value: -3.2861675058553486
Iter 35 | Current best value: -3.2861675058553486
Iter 36 | Current best value: -4.832845473726257
Iter 37 | Current best value: -4.832845473726257
Iter 38 | Current best value: -4.832845473726257
Iter 39 | Current best value: -4.832845473726257
Iter 40 | Current best value: -4.832845473726257
Iter 41 | Current best value: -4.832845473726257
Iter 42 | Current best value: -4.832845473726257
Iter 43 | Current best value: -4.832845473726257
Iter 44 | Current best value: -4.832845473726257
Iter 45 | Current best value: -4.832845473726257
Iter 46 | Current best value: -4.832845473726257
Iter 47 | Current best value: -4.832845473726257
Iter 48 | Current best value: -4.832845473726257
Iter 49 | Current best value: -4.832845473726257
Running Log Expected Improvement (LogEI)
Iter 0 | Current best value: -2.6868088346207912
Iter 1 | Current best value: -2.6868088346207912
Iter 2 | Current best value: -2.6868088346207912
Iter 3 | Current best value: -2.6868088346207912
Iter 4 | Current best value: -2.6868088346207912
Iter 5 | Current best value: -2.6868088346207912
Iter 6 | Current best value: -2.6868088346207912
Iter 7 | Current best value: -2.6868088346207912
Iter 8 | Current best value: -2.6868088346207912
Iter 9 | Current best value: -2.6868088346207912
Iter 10 | Current best value: -2.6868088346207912
Iter 11 | Current best value: -2.6868088346207912
Iter 12 | Current best value: -2.6868088346207912
Iter 13 | Current best value: -2.6868088346207912
Iter 14 | Current best value: -2.6868088346207912
Iter 15 | Current best value: -2.6868088346207912
Iter 16 | Current best value: -2.6868088346207912
Iter 17 | Current best value: -2.6868088346207912
Iter 18 | Current best value: -2.6868088346207912
Iter 19 | Current best value: -2.6868088346207912
Iter 20 | Current best value: -2.6868088346207912
Iter 21 | Current best value: -2.6868088346207912
Iter 22 | Current best value: -2.6868088346207912
Iter 23 | Current best value: -2.8127867336657597
Iter 24 | Current best value: -2.8127867336657597
Iter 25 | Current best value: -2.8127867336657597
Iter 26 | Current best value: -2.8127867336657597
Iter 27 | Current best value: -2.8127867336657597
Iter 28 | Current best value: -2.8127867336657597
Iter 29 | Current best value: -2.8127867336657597
Iter 30 | Current best value: -2.8127867336657597
Iter 31 | Current best value: -2.8127867336657597
Iter 32 | Current best value: -2.8127867336657597
Iter 33 | Current best value: -2.8127867336657597
Iter 34 | Current best value: -2.8127867336657597
Iter 35 | Current best value: -2.8127867336657597
Iter 36 | Current best value: -2.8127867336657597
Iter 37 | Current best value: -2.8127867336657597
Iter 38 | Current best value: -2.8127867336657597
Iter 39 | Current best value: -2.8127867336657597
Iter 40 | Current best value: -2.8127867336657597
Iter 41 | Current best value: -2.8127867336657597
Iter 42 | Current best value: -2.8127867336657597
Iter 43 | Current best value: -2.8127867336657597
Iter 44 | Current best value: -2.8127867336657597
Iter 45 | Current best value: -2.8127867336657597
Iter 46 | Current best value: -2.8127867336657597
Iter 47 | Current best value: -2.8127867336657597
Iter 48 | Current best value: -3.1011660339456495
Iter 49 | Current best value: -3.1011660339456495
Running Upper Confidence Bound (UCB)
Iter 0 | Current best value: -2.6868088346207912
Iter 1 | Current best value: -2.6868088346207912
Iter 2 | Current best value: -2.6868088346207912
Iter 3 | Current best value: -2.6868088346207912
Iter 4 | Current best value: -2.6868088346207912
Iter 5 | Current best value: -2.6868088346207912
Iter 6 | Current best value: -2.6868088346207912
Iter 7 | Current best value: -2.6868088346207912
Iter 8 | Current best value: -2.6868088346207912
Iter 9 | Current best value: -2.6868088346207912
Iter 10 | Current best value: -2.6868088346207912
Iter 11 | Current best value: -2.8592916188372834
Iter 12 | Current best value: -2.8592916188372834
Iter 13 | Current best value: -2.8592916188372834
Iter 14 | Current best value: -2.8592916188372834
Iter 15 | Current best value: -2.8592916188372834
Iter 16 | Current best value: -2.8592916188372834
Iter 17 | Current best value: -2.8592916188372834
Iter 18 | Current best value: -2.8592916188372834
Iter 19 | Current best value: -2.8592916188372834
Iter 20 | Current best value: -2.8592916188372834
Iter 21 | Current best value: -2.8592916188372834
Iter 22 | Current best value: -2.8592916188372834
Iter 23 | Current best value: -2.8592916188372834
Iter 24 | Current best value: -2.8592916188372834
Iter 25 | Current best value: -2.8592916188372834
Iter 26 | Current best value: -2.8592916188372834
Iter 27 | Current best value: -2.8592916188372834
Iter 28 | Current best value: -2.8592916188372834
Iter 29 | Current best value: -2.8592916188372834
Iter 30 | Current best value: -2.8592916188372834
Iter 31 | Current best value: -2.8592916188372834
Iter 32 | Current best value: -2.8592916188372834
Iter 33 | Current best value: -2.8592916188372834
Iter 34 | Current best value: -2.8592916188372834
Iter 35 | Current best value: -2.8592916188372834
Iter 36 | Current best value: -2.8592916188372834
Iter 37 | Current best value: -2.8592916188372834
Iter 38 | Current best value: -2.8592916188372834
Iter 39 | Current best value: -2.8592916188372834
Iter 40 | Current best value: -2.8592916188372834
Iter 41 | Current best value: -2.8592916188372834
Iter 42 | Current best value: -2.8592916188372834
Iter 43 | Current best value: -2.8592916188372834
Iter 44 | Current best value: -2.8592916188372834
Iter 45 | Current best value: -2.8592916188372834
Iter 46 | Current best value: -2.8592916188372834
Iter 47 | Current best value: -2.8592916188372834
Iter 48 | Current best value: -2.8592916188372834
Iter 49 | Current best value: -2.8592916188372834
Running Posterior Mean (PosMean)
Completed!
Running Posterior Standard Deviation (PosSTD)
Iter 0 | Current best value: -2.6868088346207912
Iter 1 | Current best value: -2.6868088346207912
Iter 2 | Current best value: -2.6868088346207912
Iter 3 | Current best value: -3.317038874068922
Iter 4 | Current best value: -3.317038874068922
Iter 5 | Current best value: -3.317038874068922
Iter 6 | Current best value: -3.317038874068922
Iter 7 | Current best value: -3.317038874068922
Iter 8 | Current best value: -3.317038874068922
Iter 9 | Current best value: -3.317038874068922
Iter 10 | Current best value: -3.317038874068922
Iter 11 | Current best value: -3.317038874068922
Iter 12 | Current best value: -3.317038874068922
Iter 13 | Current best value: -3.317038874068922
Iter 14 | Current best value: -3.317038874068922
Iter 15 | Current best value: -3.317038874068922
Iter 16 | Current best value: -3.317038874068922
Iter 17 | Current best value: -3.317038874068922
Iter 18 | Current best value: -3.317038874068922
Iter 19 | Current best value: -3.317038874068922
Iter 20 | Current best value: -3.317038874068922
Iter 21 | Current best value: -3.317038874068922
Iter 22 | Current best value: -3.317038874068922
Iter 23 | Current best value: -3.317038874068922
Iter 24 | Current best value: -3.317038874068922
Iter 25 | Current best value: -3.317038874068922
Iter 26 | Current best value: -3.317038874068922
Iter 27 | Current best value: -3.317038874068922
Iter 28 | Current best value: -3.317038874068922
Iter 29 | Current best value: -3.317038874068922
Iter 30 | Current best value: -3.317038874068922
Iter 31 | Current best value: -3.317038874068922
Iter 32 | Current best value: -3.317038874068922
Iter 33 | Current best value: -3.317038874068922
Iter 34 | Current best value: -3.317038874068922
Iter 35 | Current best value: -3.317038874068922
Iter 36 | Current best value: -3.317038874068922
Iter 37 | Current best value: -3.317038874068922
Iter 38 | Current best value: -3.317038874068922
Iter 39 | Current best value: -3.317038874068922
Iter 40 | Current best value: -3.317038874068922
Iter 41 | Current best value: -3.317038874068922
Iter 42 | Current best value: -3.317038874068922
Iter 43 | Current best value: -4.115210718328434
Iter 44 | Current best value: -4.115210718328434
Iter 45 | Current best value: -4.115210718328434
Iter 46 | Current best value: -4.115210718328434
Iter 47 | Current best value: -4.115210718328434
Iter 48 | Current best value: -4.115210718328434
Iter 49 | Current best value: -4.115210718328434
Running Thompson Sampling (TS)
Iter 0 | Current best value: -2.6868088346207912
Iter 1 | Current best value: -2.6868088346207912
Iter 2 | Current best value: -2.6868088346207912
Iter 3 | Current best value: -2.6868088346207912
Iter 4 | Current best value: -2.6868088346207912
Iter 5 | Current best value: -2.6868088346207912
Iter 6 | Current best value: -2.6868088346207912
Iter 7 | Current best value: -2.6868088346207912
Iter 8 | Current best value: -2.6868088346207912
Iter 9 | Current best value: -2.6868088346207912
Iter 10 | Current best value: -2.6868088346207912
Iter 11 | Current best value: -2.6868088346207912
Iter 12 | Current best value: -2.6868088346207912
Iter 13 | Current best value: -2.6868088346207912
Iter 14 | Current best value: -2.6868088346207912
Iter 15 | Current best value: -2.6868088346207912
Iter 16 | Current best value: -2.6868088346207912
Iter 17 | Current best value: -2.6868088346207912
Iter 18 | Current best value: -2.6868088346207912
Iter 19 | Current best value: -2.6868088346207912
Iter 20 | Current best value: -2.6868088346207912
Iter 21 | Current best value: -2.6868088346207912
Iter 22 | Current best value: -2.6868088346207912
Iter 23 | Current best value: -2.6868088346207912
Iter 24 | Current best value: -2.6868088346207912
Iter 25 | Current best value: -2.6868088346207912
Iter 26 | Current best value: -2.6868088346207912
Iter 27 | Current best value: -2.6868088346207912
Iter 28 | Current best value: -2.6868088346207912
Iter 29 | Current best value: -2.6868088346207912
Iter 30 | Current best value: -2.6868088346207912
Iter 31 | Current best value: -2.6868088346207912
Iter 32 | Current best value: -2.6868088346207912
Iter 33 | Current best value: -2.6868088346207912
Iter 34 | Current best value: -2.899536859250874
Iter 35 | Current best value: -2.899536859250874
Iter 36 | Current best value: -2.899536859250874
Iter 37 | Current best value: -2.899536859250874
Iter 38 | Current best value: -2.899536859250874
Iter 39 | Current best value: -2.899536859250874
Iter 40 | Current best value: -2.899536859250874
Iter 41 | Current best value: -2.899536859250874
Iter 42 | Current best value: -2.899536859250874
Iter 43 | Current best value: -2.899536859250874
Iter 44 | Current best value: -2.899536859250874
Iter 45 | Current best value: -2.899536859250874
Iter 46 | Current best value: -2.899536859250874
Iter 47 | Current best value: -2.899536859250874
Iter 48 | Current best value: -2.899536859250874
Iter 49 | Current best value: -2.899536859250874
Running Knowledge Gradient (qKG)
Iter 0 | Current best value: -2.6868088346207912
Iter 1 | Current best value: -2.6868088346207912
Iter 2 | Current best value: -2.6868088346207912
Iter 3 | Current best value: -2.6868088346207912
Iter 4 | Current best value: -2.6868088346207912
Iter 5 | Current best value: -2.6868088346207912
Iter 6 | Current best value: -2.6868088346207912
Iter 7 | Current best value: -2.6868088346207912
Iter 8 | Current best value: -2.6868088346207912
Iter 9 | Current best value: -2.6868088346207912
Iter 10 | Current best value: -2.6868088346207912
Iter 11 | Current best value: -2.6868088346207912
Iter 12 | Current best value: -2.6868088346207912
Iter 13 | Current best value: -2.6868088346207912
Iter 14 | Current best value: -2.6868088346207912
Iter 15 | Current best value: -2.6868088346207912
Iter 16 | Current best value: -2.6868088346207912
Iter 17 | Current best value: -2.6868088346207912
Iter 18 | Current best value: -2.6868088346207912
Iter 19 | Current best value: -2.6868088346207912
Iter 20 | Current best value: -2.6868088346207912
Iter 21 | Current best value: -2.6868088346207912
Iter 22 | Current best value: -2.6868088346207912
Iter 23 | Current best value: -2.6868088346207912
Iter 24 | Current best value: -2.6868088346207912
Iter 25 | Current best value: -2.6868088346207912
Iter 26 | Current best value: -2.6868088346207912
Iter 27 | Current best value: -2.6868088346207912
Iter 28 | Current best value: -2.6868088346207912
Iter 29 | Current best value: -2.6868088346207912
Iter 30 | Current best value: -2.6868088346207912
Iter 31 | Current best value: -2.6868088346207912
Iter 32 | Current best value: -2.6868088346207912
Iter 33 | Current best value: -2.6868088346207912
Iter 34 | Current best value: -2.6868088346207912
Iter 35 | Current best value: -2.6868088346207912
Iter 36 | Current best value: -2.6868088346207912
Iter 37 | Current best value: -2.6868088346207912
Iter 38 | Current best value: -2.6868088346207912
Iter 39 | Current best value: -2.9132487374544525
Iter 40 | Current best value: -2.9132487374544525
Iter 41 | Current best value: -2.9132487374544525
Iter 42 | Current best value: -2.9132487374544525
Iter 43 | Current best value: -2.9132487374544525
Iter 44 | Current best value: -2.9132487374544525
Iter 45 | Current best value: -2.9132487374544525
Iter 46 | Current best value: -2.9132487374544525
Iter 47 | Current best value: -2.9132487374544525
Iter 48 | Current best value: -2.9132487374544525
Iter 49 | Current best value: -2.9132487374544525
Running Predictive Entropy Search (qPES)
Iter 0 | Current best value: -2.6868088346207912
Iter 1 | Current best value: -2.6868088346207912
Iter 2 | Current best value: -2.6868088346207912
Iter 3 | Current best value: -2.6868088346207912
Iter 4 | Current best value: -2.6868088346207912
Iter 5 | Current best value: -2.6868088346207912
Iter 6 | Current best value: -2.6868088346207912
Iter 7 | Current best value: -2.6868088346207912
Iter 8 | Current best value: -2.6868088346207912
Iter 9 | Current best value: -2.6868088346207912
Iter 10 | Current best value: -2.6868088346207912
Iter 11 | Current best value: -2.6868088346207912
Iter 12 | Current best value: -2.6868088346207912
Iter 13 | Current best value: -2.6868088346207912
Iter 14 | Current best value: -2.6868088346207912
Iter 15 | Current best value: -2.6868088346207912
Iter 16 | Current best value: -2.6868088346207912
Iter 17 | Current best value: -2.6868088346207912
Iter 18 | Current best value: -2.6868088346207912
Iter 19 | Current best value: -2.6868088346207912
Iter 20 | Current best value: -2.6868088346207912
Iter 21 | Current best value: -2.6868088346207912
Iter 22 | Current best value: -2.6868088346207912
Iter 23 | Current best value: -2.6868088346207912
Iter 24 | Current best value: -2.6868088346207912
Iter 25 | Current best value: -2.6868088346207912
Iter 26 | Current best value: -2.6868088346207912
Iter 27 | Current best value: -2.6868088346207912
Iter 28 | Current best value: -2.6868088346207912
Iter 29 | Current best value: -2.6868088346207912
Iter 30 | Current best value: -2.6868088346207912
Iter 31 | Current best value: -2.6868088346207912
Iter 32 | Current best value: -2.6868088346207912
Iter 33 | Current best value: -2.6868088346207912
Iter 34 | Current best value: -2.6868088346207912
Iter 35 | Current best value: -2.6868088346207912
Iter 36 | Current best value: -2.6868088346207912
Iter 37 | Current best value: -2.6868088346207912
Iter 38 | Current best value: -2.6868088346207912
Iter 39 | Current best value: -2.6868088346207912
Iter 40 | Current best value: -2.6868088346207912
Iter 41 | Current best value: -2.6868088346207912
Iter 42 | Current best value: -2.6868088346207912
Iter 43 | Current best value: -2.6868088346207912
Iter 44 | Current best value: -2.6868088346207912
Iter 45 | Current best value: -2.6868088346207912
Iter 46 | Current best value: -2.6868088346207912
Iter 47 | Current best value: -2.6868088346207912
Iter 48 | Current best value: -2.6868088346207912
Iter 49 | Current best value: -2.6868088346207912
Running Max-value Entropy Search (qMES)
Iter 0 | Current best value: -2.6868088346207912
Iter 1 | Current best value: -2.6868088346207912
Iter 2 | Current best value: -2.6868088346207912
Iter 3 | Current best value: -2.6868088346207912
Iter 4 | Current best value: -2.6868088346207912
Iter 5 | Current best value: -2.6868088346207912
Iter 6 | Current best value: -2.6868088346207912
Iter 7 | Current best value: -2.6868088346207912
Iter 8 | Current best value: -2.6868088346207912
Iter 9 | Current best value: -2.6868088346207912
Iter 10 | Current best value: -2.6868088346207912
Iter 11 | Current best value: -2.6868088346207912
Iter 12 | Current best value: -2.6868088346207912
Iter 13 | Current best value: -2.6868088346207912
Iter 14 | Current best value: -2.6868088346207912
Iter 15 | Current best value: -2.6868088346207912
Iter 16 | Current best value: -2.6868088346207912
Iter 17 | Current best value: -2.6868088346207912
Iter 18 | Current best value: -2.6868088346207912
Iter 19 | Current best value: -2.8392632206793014
Iter 20 | Current best value: -2.8392632206793014
Iter 21 | Current best value: -2.8392632206793014
Iter 22 | Current best value: -2.8392632206793014
Iter 23 | Current best value: -2.8392632206793014
Iter 24 | Current best value: -2.8392632206793014
Iter 25 | Current best value: -2.8392632206793014
Iter 26 | Current best value: -2.8392632206793014
Iter 27 | Current best value: -2.8392632206793014
Iter 28 | Current best value: -2.8392632206793014
Iter 29 | Current best value: -2.8392632206793014
Iter 30 | Current best value: -2.8392632206793014
Iter 31 | Current best value: -2.8392632206793014
Iter 32 | Current best value: -2.8392632206793014
Iter 33 | Current best value: -2.8392632206793014
Iter 34 | Current best value: -2.8392632206793014
Iter 35 | Current best value: -3.022104364804872
Iter 36 | Current best value: -3.022104364804872
Iter 37 | Current best value: -3.022104364804872
Iter 38 | Current best value: -3.022104364804872
Iter 39 | Current best value: -3.022104364804872
Iter 40 | Current best value: -3.022104364804872
Iter 41 | Current best value: -3.022104364804872
Iter 42 | Current best value: -3.022104364804872
Iter 43 | Current best value: -3.022104364804872
Iter 44 | Current best value: -3.022104364804872
Iter 45 | Current best value: -3.022104364804872
Iter 46 | Current best value: -3.022104364804872
Iter 47 | Current best value: -3.022104364804872
Iter 48 | Current best value: -3.022104364804872
Iter 49 | Current best value: -3.022104364804872
Running Joint Entropy Search (qJES)
Iter 0 | Current best value: -2.6868088346207912
Iter 1 | Current best value: -2.6868088346207912
Iter 2 | Current best value: -2.6868088346207912
Iter 3 | Current best value: -2.6868088346207912
Iter 4 | Current best value: -2.6868088346207912
Iter 5 | Current best value: -2.6868088346207912
Iter 6 | Current best value: -2.6868088346207912
Iter 7 | Current best value: -2.6868088346207912
Iter 8 | Current best value: -2.6868088346207912
Iter 9 | Current best value: -2.6868088346207912
Iter 10 | Current best value: -2.6868088346207912
Iter 11 | Current best value: -2.6868088346207912
Iter 12 | Current best value: -2.6868088346207912
Iter 13 | Current best value: -2.6868088346207912
Iter 14 | Current best value: -2.6868088346207912
Iter 15 | Current best value: -2.6868088346207912
Iter 16 | Current best value: -2.6868088346207912
Iter 17 | Current best value: -2.6868088346207912
Iter 18 | Current best value: -2.6868088346207912
Iter 19 | Current best value: -2.6868088346207912
Iter 20 | Current best value: -2.6868088346207912
Iter 21 | Current best value: -2.6868088346207912
Iter 22 | Current best value: -2.6868088346207912
Iter 23 | Current best value: -2.6868088346207912
Iter 24 | Current best value: -2.6868088346207912
Iter 25 | Current best value: -2.6868088346207912
Iter 26 | Current best value: -2.6868088346207912
Iter 27 | Current best value: -2.6868088346207912
Iter 28 | Current best value: -2.6868088346207912
Iter 29 | Current best value: -2.6868088346207912
Iter 30 | Current best value: -2.6868088346207912
Iter 31 | Current best value: -2.6868088346207912
Iter 32 | Current best value: -2.6868088346207912
Iter 33 | Current best value: -2.6868088346207912
Iter 34 | Current best value: -2.6868088346207912
Iter 35 | Current best value: -2.6868088346207912
Iter 36 | Current best value: -2.6868088346207912
Iter 37 | Current best value: -2.6868088346207912
Iter 38 | Current best value: -2.6868088346207912
Iter 39 | Current best value: -2.6868088346207912
Iter 40 | Current best value: -2.6868088346207912
Iter 41 | Current best value: -2.6868088346207912
Iter 42 | Current best value: -2.6868088346207912
Iter 43 | Current best value: -2.6868088346207912
Iter 44 | Current best value: -2.6868088346207912
Iter 45 | Current best value: -2.6868088346207912
Iter 46 | Current best value: -2.6868088346207912
Iter 47 | Current best value: -2.6868088346207912
Iter 48 | Current best value: -2.6868088346207912
Iter 49 | Current best value: -2.6868088346207912
RUN 9
Running Probability of Improvement (PI)
Iter 0 | Current best value: -2.6266120701849616
Iter 1 | Current best value: -2.6266120701849616
Iter 2 | Current best value: -2.6266120701849616
Iter 3 | Current best value: -2.6266120701849616
Iter 4 | Current best value: -2.6266120701849616
Iter 5 | Current best value: -2.6783957341557905
Iter 6 | Current best value: -2.6783957341557905
Iter 7 | Current best value: -2.7183123786882897
Iter 8 | Current best value: -2.7183123786882897
Iter 9 | Current best value: -2.7183123786882897
Iter 10 | Current best value: -2.7183123786882897
Iter 11 | Current best value: -2.7183123786882897
Iter 12 | Current best value: -2.7183123786882897
Iter 13 | Current best value: -2.7183123786882897
Iter 14 | Current best value: -2.7183123786882897
Iter 15 | Current best value: -2.7183123786882897
Iter 16 | Current best value: -2.7187954397039413
Iter 17 | Current best value: -2.7187954397039413
Iter 18 | Current best value: -2.7187954397039413
Iter 19 | Current best value: -3.833703081589487
Iter 20 | Current best value: -3.833703081589487
Iter 21 | Current best value: -3.833703081589487
Iter 22 | Current best value: -3.833703081589487
Iter 23 | Current best value: -3.833703081589487
Iter 24 | Current best value: -3.833703081589487
Iter 25 | Current best value: -3.833703081589487
Iter 26 | Current best value: -3.833703081589487
Iter 27 | Current best value: -3.833703081589487
Iter 28 | Current best value: -3.833703081589487
Iter 29 | Current best value: -3.833703081589487
Iter 30 | Current best value: -3.833703081589487
Iter 31 | Current best value: -3.833703081589487
Iter 32 | Current best value: -3.833703081589487
Iter 33 | Current best value: -3.833703081589487
Iter 34 | Current best value: -3.833703081589487
Iter 35 | Current best value: -3.833703081589487
Iter 36 | Current best value: -3.833703081589487
Iter 37 | Current best value: -3.833703081589487
Iter 38 | Current best value: -4.375585593707513
Iter 39 | Current best value: -4.375585593707513
Iter 40 | Current best value: -4.375585593707513
Iter 41 | Current best value: -4.375585593707513
Iter 42 | Current best value: -4.375585593707513
Iter 43 | Current best value: -4.375585593707513
Iter 44 | Current best value: -4.375585593707513
Iter 45 | Current best value: -4.375585593707513
Iter 46 | Current best value: -4.375585593707513
Iter 47 | Current best value: -4.375585593707513
Iter 48 | Current best value: -4.375585593707513
Iter 49 | Current best value: -4.375585593707513
Running Log Probability of Improvement (LogPI)
Iter 0 | Current best value: -2.748216054745812
Iter 1 | Current best value: -2.748216054745812
Iter 2 | Current best value: -2.748216054745812
Iter 3 | Current best value: -2.8505004991121194
Iter 4 | Current best value: -3.1180181234469746
Iter 5 | Current best value: -3.1180181234469746
Iter 6 | Current best value: -3.1180181234469746
Iter 7 | Current best value: -3.1180181234469746
Iter 8 | Current best value: -3.1180181234469746
Iter 9 | Current best value: -3.1180181234469746
Iter 10 | Current best value: -3.1180181234469746
Iter 11 | Current best value: -3.1180181234469746
Iter 12 | Current best value: -3.1180181234469746
Iter 13 | Current best value: -3.1180181234469746
Iter 14 | Current best value: -3.1180181234469746
Iter 15 | Current best value: -3.1180181234469746
Iter 16 | Current best value: -3.1180181234469746
Iter 17 | Current best value: -3.1180181234469746
Iter 18 | Current best value: -3.1180181234469746
Iter 19 | Current best value: -3.1180181234469746
Iter 20 | Current best value: -3.1180181234469746
Iter 21 | Current best value: -3.1180181234469746
Iter 22 | Current best value: -3.1180181234469746
Iter 23 | Current best value: -3.608515680711974
Iter 24 | Current best value: -3.608515680711974
Iter 25 | Current best value: -3.608515680711974
Iter 26 | Current best value: -3.608515680711974
Iter 27 | Current best value: -3.608515680711974
Iter 28 | Current best value: -3.608515680711974
Iter 29 | Current best value: -3.608515680711974
Iter 30 | Current best value: -3.608515680711974
Iter 31 | Current best value: -3.608515680711974
Iter 32 | Current best value: -3.608515680711974
Iter 33 | Current best value: -3.608515680711974
Iter 34 | Current best value: -3.608515680711974
Iter 35 | Current best value: -3.608515680711974
Iter 36 | Current best value: -3.608515680711974
Iter 37 | Current best value: -3.608515680711974
Iter 38 | Current best value: -3.608515680711974
Iter 39 | Current best value: -3.608515680711974
Iter 40 | Current best value: -3.608515680711974
Iter 41 | Current best value: -3.608515680711974
Iter 42 | Current best value: -3.608515680711974
Iter 43 | Current best value: -3.608515680711974
Iter 44 | Current best value: -3.608515680711974
Iter 45 | Current best value: -3.608515680711974
Iter 46 | Current best value: -3.608515680711974
Iter 47 | Current best value: -3.608515680711974
Iter 48 | Current best value: -3.608515680711974
Iter 49 | Current best value: -3.608515680711974
Running Expected Improvement (EI)
Iter 0 | Current best value: -2.3154242489093075
Iter 1 | Current best value: -2.3154242489093075
Iter 2 | Current best value: -2.3154242489093075
Iter 3 | Current best value: -2.3154242489093075
Iter 4 | Current best value: -2.3154242489093075
Iter 5 | Current best value: -2.3154242489093075
Iter 6 | Current best value: -2.3154242489093075
Iter 7 | Current best value: -3.1796695074726333
Iter 8 | Current best value: -3.1796695074726333
Iter 9 | Current best value: -3.1796695074726333
Iter 10 | Current best value: -3.1796695074726333
Iter 11 | Current best value: -3.1796695074726333
Iter 12 | Current best value: -3.7907715723488447
Iter 13 | Current best value: -3.7907715723488447
Iter 14 | Current best value: -3.7907715723488447
Iter 15 | Current best value: -3.7907715723488447
Iter 16 | Current best value: -3.7907715723488447
Iter 17 | Current best value: -3.7907715723488447
Iter 18 | Current best value: -3.7907715723488447
Iter 19 | Current best value: -3.7907715723488447
Iter 20 | Current best value: -3.7907715723488447
Iter 21 | Current best value: -3.7907715723488447
Iter 22 | Current best value: -3.7907715723488447
Iter 23 | Current best value: -3.7907715723488447
Iter 24 | Current best value: -3.7907715723488447
Iter 25 | Current best value: -3.7907715723488447
Iter 26 | Current best value: -3.7907715723488447
Iter 27 | Current best value: -3.7907715723488447
Iter 28 | Current best value: -3.7907715723488447
Iter 29 | Current best value: -3.7907715723488447
Iter 30 | Current best value: -3.7907715723488447
Iter 31 | Current best value: -3.7907715723488447
Iter 32 | Current best value: -3.7907715723488447
Iter 33 | Current best value: -3.7907715723488447
Iter 34 | Current best value: -3.7907715723488447
Iter 35 | Current best value: -3.7907715723488447
Iter 36 | Current best value: -3.7907715723488447
Iter 37 | Current best value: -3.7907715723488447
Iter 38 | Current best value: -3.7907715723488447
Iter 39 | Current best value: -3.7907715723488447
Iter 40 | Current best value: -3.7907715723488447
Iter 41 | Current best value: -3.7907715723488447
Iter 42 | Current best value: -3.7907715723488447
Iter 43 | Current best value: -3.7907715723488447
Iter 44 | Current best value: -3.7907715723488447
Iter 45 | Current best value: -3.7907715723488447
Iter 46 | Current best value: -3.7907715723488447
Iter 47 | Current best value: -3.7907715723488447
Iter 48 | Current best value: -3.7907715723488447
Iter 49 | Current best value: -3.7907715723488447
Running Log Expected Improvement (LogEI)
Iter 0 | Current best value: -2.3154242489093075
Iter 1 | Current best value: -2.3154242489093075
Iter 2 | Current best value: -2.3154242489093075
Iter 3 | Current best value: -2.3154242489093075
Iter 4 | Current best value: -2.3154242489093075
Iter 5 | Current best value: -2.3154242489093075
Iter 6 | Current best value: -2.3154242489093075
Iter 7 | Current best value: -2.886024103441009
Iter 8 | Current best value: -2.886024103441009
Iter 9 | Current best value: -2.886024103441009
Iter 10 | Current best value: -2.886024103441009
Iter 11 | Current best value: -2.928778860209141
Iter 12 | Current best value: -3.3067962618516966
Iter 13 | Current best value: -3.5192417782369576
Iter 14 | Current best value: -4.081429478426287
Iter 15 | Current best value: -4.14216292902817
Iter 16 | Current best value: -4.14216292902817
Iter 17 | Current best value: -4.14216292902817
Iter 18 | Current best value: -4.179485307168577
Iter 19 | Current best value: -4.179485307168577
Iter 20 | Current best value: -4.273289155693241
Iter 21 | Current best value: -4.273289155693241
Iter 22 | Current best value: -4.273289155693241
Iter 23 | Current best value: -4.273289155693241
Iter 24 | Current best value: -4.273289155693241
Iter 25 | Current best value: -4.273289155693241
Iter 26 | Current best value: -4.273289155693241
Iter 27 | Current best value: -4.273289155693241
Iter 28 | Current best value: -4.273289155693241
Iter 29 | Current best value: -4.273289155693241
Iter 30 | Current best value: -4.273289155693241
Iter 31 | Current best value: -4.273289155693241
Iter 32 | Current best value: -4.273289155693241
Iter 33 | Current best value: -4.273289155693241
Iter 34 | Current best value: -4.273289155693241
Iter 35 | Current best value: -4.273289155693241
Iter 36 | Current best value: -4.273289155693241
Iter 37 | Current best value: -4.273289155693241
Iter 38 | Current best value: -4.273289155693241
Iter 39 | Current best value: -4.273289155693241
Iter 40 | Current best value: -4.273289155693241
Iter 41 | Current best value: -4.273289155693241
Iter 42 | Current best value: -4.273289155693241
Iter 43 | Current best value: -4.273289155693241
Iter 44 | Current best value: -4.273289155693241
Iter 45 | Current best value: -4.273289155693241
Iter 46 | Current best value: -4.273289155693241
Iter 47 | Current best value: -4.273289155693241
Iter 48 | Current best value: -4.273289155693241
Iter 49 | Current best value: -4.273289155693241
Running Upper Confidence Bound (UCB)
Iter 0 | Current best value: -2.3154242489093075
Iter 1 | Current best value: -2.3154242489093075
Iter 2 | Current best value: -2.3154242489093075
Iter 3 | Current best value: -2.3154242489093075
Iter 4 | Current best value: -2.3154242489093075
Iter 5 | Current best value: -2.3154242489093075
Iter 6 | Current best value: -2.3154242489093075
Iter 7 | Current best value: -2.3154242489093075
Iter 8 | Current best value: -2.3154242489093075
Iter 9 | Current best value: -2.3154242489093075
Iter 10 | Current best value: -2.3154242489093075
Iter 11 | Current best value: -2.3154242489093075
Iter 12 | Current best value: -2.3154242489093075
Iter 13 | Current best value: -2.3154242489093075
Iter 14 | Current best value: -2.3154242489093075
Iter 15 | Current best value: -2.3154242489093075
Iter 16 | Current best value: -2.3154242489093075
Iter 17 | Current best value: -2.3154242489093075
Iter 18 | Current best value: -2.3154242489093075
Iter 19 | Current best value: -2.3154242489093075
Iter 20 | Current best value: -2.3154242489093075
Iter 21 | Current best value: -2.3154242489093075
Iter 22 | Current best value: -2.3154242489093075
Iter 23 | Current best value: -2.3154242489093075
Iter 24 | Current best value: -2.3154242489093075
Iter 25 | Current best value: -2.3154242489093075
Iter 26 | Current best value: -2.3154242489093075
Iter 27 | Current best value: -2.3154242489093075
Iter 28 | Current best value: -2.3154242489093075
Iter 29 | Current best value: -2.909247882803674
Iter 30 | Current best value: -2.909247882803674
Iter 31 | Current best value: -2.909247882803674
Iter 32 | Current best value: -2.909247882803674
Iter 33 | Current best value: -2.909247882803674
Iter 34 | Current best value: -2.909247882803674
Iter 35 | Current best value: -2.909247882803674
Iter 36 | Current best value: -2.909247882803674
Iter 37 | Current best value: -2.909247882803674
Iter 38 | Current best value: -2.909247882803674
Iter 39 | Current best value: -2.909247882803674
Iter 40 | Current best value: -2.909247882803674
Iter 41 | Current best value: -2.909247882803674
Iter 42 | Current best value: -2.909247882803674
Iter 43 | Current best value: -2.909247882803674
Iter 44 | Current best value: -2.909247882803674
Iter 45 | Current best value: -2.909247882803674
Iter 46 | Current best value: -2.909247882803674
Iter 47 | Current best value: -2.909247882803674
Iter 48 | Current best value: -2.909247882803674
Iter 49 | Current best value: -2.909247882803674
Running Posterior Mean (PosMean)
Completed!
Running Posterior Standard Deviation (PosSTD)
Iter 0 | Current best value: -2.3154242489093075
Iter 1 | Current best value: -2.3154242489093075
Iter 2 | Current best value: -2.3154242489093075
Iter 3 | Current best value: -2.3154242489093075
Iter 4 | Current best value: -2.3154242489093075
Iter 5 | Current best value: -2.3154242489093075
Iter 6 | Current best value: -2.3154242489093075
Iter 7 | Current best value: -2.3154242489093075
Iter 8 | Current best value: -2.3154242489093075
Iter 9 | Current best value: -2.3154242489093075
Iter 10 | Current best value: -2.3154242489093075
Iter 11 | Current best value: -2.3154242489093075
Iter 12 | Current best value: -2.3154242489093075
Iter 13 | Current best value: -2.3154242489093075
Iter 14 | Current best value: -2.3154242489093075
Iter 15 | Current best value: -2.3154242489093075
Iter 16 | Current best value: -2.3154242489093075
Iter 17 | Current best value: -2.3154242489093075
Iter 18 | Current best value: -2.3154242489093075
Iter 19 | Current best value: -2.3154242489093075
Iter 20 | Current best value: -2.3154242489093075
Iter 21 | Current best value: -2.3895273431964434
Iter 22 | Current best value: -2.3895273431964434
Iter 23 | Current best value: -2.3895273431964434
Iter 24 | Current best value: -2.3895273431964434
Iter 25 | Current best value: -2.3895273431964434
Iter 26 | Current best value: -2.3895273431964434
Iter 27 | Current best value: -2.3895273431964434
Iter 28 | Current best value: -2.3895273431964434
Iter 29 | Current best value: -2.3895273431964434
Iter 30 | Current best value: -2.3895273431964434
Iter 31 | Current best value: -2.3895273431964434
Iter 32 | Current best value: -2.3895273431964434
Iter 33 | Current best value: -2.3895273431964434
Iter 34 | Current best value: -2.3895273431964434
Iter 35 | Current best value: -2.3895273431964434
Iter 36 | Current best value: -2.3895273431964434
Iter 37 | Current best value: -2.3895273431964434
Iter 38 | Current best value: -2.3895273431964434
Iter 39 | Current best value: -2.3895273431964434
Iter 40 | Current best value: -2.3895273431964434
Iter 41 | Current best value: -2.3895273431964434
Iter 42 | Current best value: -2.3895273431964434
Iter 43 | Current best value: -2.3895273431964434
Iter 44 | Current best value: -2.3895273431964434
Iter 45 | Current best value: -2.3895273431964434
Iter 46 | Current best value: -2.3895273431964434
Iter 47 | Current best value: -2.3895273431964434
Iter 48 | Current best value: -2.3895273431964434
Iter 49 | Current best value: -2.3895273431964434
Running Thompson Sampling (TS)
Iter 0 | Current best value: -2.3154242489093075
Iter 1 | Current best value: -2.3154242489093075
Iter 2 | Current best value: -2.3154242489093075
Iter 3 | Current best value: -2.3154242489093075
Iter 4 | Current best value: -2.3154242489093075
Iter 5 | Current best value: -2.3154242489093075
Iter 6 | Current best value: -2.3154242489093075
Iter 7 | Current best value: -2.3154242489093075
Iter 8 | Current best value: -2.3154242489093075
Iter 9 | Current best value: -2.3154242489093075
Iter 10 | Current best value: -2.3154242489093075
Iter 11 | Current best value: -2.3154242489093075
Iter 12 | Current best value: -2.3154242489093075
Iter 13 | Current best value: -2.3154242489093075
Iter 14 | Current best value: -2.3154242489093075
Iter 15 | Current best value: -2.3154242489093075
Iter 16 | Current best value: -2.3154242489093075
Iter 17 | Current best value: -3.236795351946541
Iter 18 | Current best value: -3.236795351946541
Iter 19 | Current best value: -3.236795351946541
Iter 20 | Current best value: -3.236795351946541
Iter 21 | Current best value: -3.236795351946541
Iter 22 | Current best value: -3.236795351946541
Iter 23 | Current best value: -3.236795351946541
Iter 24 | Current best value: -3.236795351946541
Iter 25 | Current best value: -3.236795351946541
Iter 26 | Current best value: -3.236795351946541
Iter 27 | Current best value: -3.236795351946541
Iter 28 | Current best value: -3.236795351946541
Iter 29 | Current best value: -3.9747678640114517
Iter 30 | Current best value: -3.9747678640114517
Iter 31 | Current best value: -3.9747678640114517
Iter 32 | Current best value: -3.9747678640114517
Iter 33 | Current best value: -3.9747678640114517
Iter 34 | Current best value: -3.9747678640114517
Iter 35 | Current best value: -3.9747678640114517
Iter 36 | Current best value: -3.9747678640114517
Iter 37 | Current best value: -3.9747678640114517
Iter 38 | Current best value: -3.9747678640114517
Iter 39 | Current best value: -3.9747678640114517
Iter 40 | Current best value: -3.9747678640114517
Iter 41 | Current best value: -3.9747678640114517
Iter 42 | Current best value: -3.9747678640114517
Iter 43 | Current best value: -3.9747678640114517
Iter 44 | Current best value: -3.9747678640114517
Iter 45 | Current best value: -3.9747678640114517
Iter 46 | Current best value: -3.9747678640114517
Iter 47 | Current best value: -4.183678518484326
Iter 48 | Current best value: -4.183678518484326
Iter 49 | Current best value: -4.183678518484326
Running Knowledge Gradient (qKG)
Iter 0 | Current best value: -3.2691215106399607
Iter 1 | Current best value: -3.2691215106399607
Iter 2 | Current best value: -3.2691215106399607
Iter 3 | Current best value: -3.2691215106399607
Iter 4 | Current best value: -3.2691215106399607
Iter 5 | Current best value: -3.2691215106399607
Iter 6 | Current best value: -3.2691215106399607
Iter 7 | Current best value: -3.2691215106399607
Iter 8 | Current best value: -3.2691215106399607
Iter 9 | Current best value: -3.2691215106399607
Iter 10 | Current best value: -3.2691215106399607
Iter 11 | Current best value: -3.2691215106399607
Iter 12 | Current best value: -3.2691215106399607
Iter 13 | Current best value: -3.514896193439582
Iter 14 | Current best value: -3.514896193439582
Iter 15 | Current best value: -3.514896193439582
Iter 16 | Current best value: -3.514896193439582
Iter 17 | Current best value: -3.514896193439582
Iter 18 | Current best value: -3.514896193439582
Iter 19 | Current best value: -3.514896193439582
Iter 20 | Current best value: -3.514896193439582
Iter 21 | Current best value: -3.514896193439582
Iter 22 | Current best value: -3.514896193439582
Iter 23 | Current best value: -3.514896193439582
Iter 24 | Current best value: -3.514896193439582
Iter 25 | Current best value: -3.514896193439582
Iter 26 | Current best value: -3.514896193439582
Iter 27 | Current best value: -3.514896193439582
Iter 28 | Current best value: -3.514896193439582
Iter 29 | Current best value: -3.514896193439582
Iter 30 | Current best value: -3.514896193439582
Iter 31 | Current best value: -3.514896193439582
Iter 32 | Current best value: -3.514896193439582
Iter 33 | Current best value: -3.514896193439582
Iter 34 | Current best value: -3.514896193439582
Iter 35 | Current best value: -3.514896193439582
Iter 36 | Current best value: -3.514896193439582
Iter 37 | Current best value: -3.514896193439582
Iter 38 | Current best value: -3.514896193439582
Iter 39 | Current best value: -3.514896193439582
Iter 40 | Current best value: -3.514896193439582
Iter 41 | Current best value: -3.514896193439582
Iter 42 | Current best value: -3.514896193439582
Iter 43 | Current best value: -3.514896193439582
Iter 44 | Current best value: -3.514896193439582
Iter 45 | Current best value: -3.514896193439582
Iter 46 | Current best value: -3.514896193439582
Iter 47 | Current best value: -3.514896193439582
Iter 48 | Current best value: -3.514896193439582
Iter 49 | Current best value: -3.514896193439582
Running Predictive Entropy Search (qPES)
Iter 0 | Current best value: -2.3154242489093075
Iter 1 | Current best value: -2.3154242489093075
Iter 2 | Current best value: -2.3154242489093075
Iter 3 | Current best value: -2.3154242489093075
Iter 4 | Current best value: -2.3154242489093075
Iter 5 | Current best value: -2.3154242489093075
Iter 6 | Current best value: -2.3154242489093075
Iter 7 | Current best value: -2.3154242489093075
Iter 8 | Current best value: -2.3154242489093075
Iter 9 | Current best value: -2.3154242489093075
Iter 10 | Current best value: -2.3154242489093075
Iter 11 | Current best value: -2.3154242489093075
Iter 12 | Current best value: -2.3154242489093075
Iter 13 | Current best value: -2.3154242489093075
Iter 14 | Current best value: -2.365830475988888
Iter 15 | Current best value: -2.365830475988888
Iter 16 | Current best value: -2.365830475988888
Iter 17 | Current best value: -2.365830475988888
Iter 18 | Current best value: -2.365830475988888
Iter 19 | Current best value: -2.365830475988888
Iter 20 | Current best value: -2.365830475988888
Iter 21 | Current best value: -2.365830475988888
Iter 22 | Current best value: -2.365830475988888
Iter 23 | Current best value: -2.365830475988888
Iter 24 | Current best value: -2.365830475988888
Iter 25 | Current best value: -2.365830475988888
Iter 26 | Current best value: -2.365830475988888
Iter 27 | Current best value: -2.365830475988888
Iter 28 | Current best value: -2.365830475988888
Iter 29 | Current best value: -2.365830475988888
Iter 30 | Current best value: -2.365830475988888
Iter 31 | Current best value: -2.5373269609131173
Iter 32 | Current best value: -2.5373269609131173
Iter 33 | Current best value: -2.5373269609131173
Iter 34 | Current best value: -2.5373269609131173
Iter 35 | Current best value: -2.5373269609131173
Iter 36 | Current best value: -2.5373269609131173
Iter 37 | Current best value: -2.5373269609131173
Iter 38 | Current best value: -2.5373269609131173
Iter 39 | Current best value: -2.5373269609131173
Iter 40 | Current best value: -2.5373269609131173
Iter 41 | Current best value: -2.5373269609131173
Iter 42 | Current best value: -2.5373269609131173
Iter 43 | Current best value: -2.5373269609131173
Iter 44 | Current best value: -2.5373269609131173
Iter 45 | Current best value: -2.5373269609131173
Iter 46 | Current best value: -2.5373269609131173
Iter 47 | Current best value: -2.5373269609131173
Iter 48 | Current best value: -2.5373269609131173
Iter 49 | Current best value: -2.5373269609131173
Running Max-value Entropy Search (qMES)
Iter 0 | Current best value: -2.3154242489093075
Iter 1 | Current best value: -2.3154242489093075
Iter 2 | Current best value: -2.3154242489093075
Iter 3 | Current best value: -2.3154242489093075
Iter 4 | Current best value: -2.3154242489093075
Iter 5 | Current best value: -2.3154242489093075
Iter 6 | Current best value: -2.3154242489093075
Iter 7 | Current best value: -2.3154242489093075
Iter 8 | Current best value: -2.3154242489093075
Iter 9 | Current best value: -2.3154242489093075
Iter 10 | Current best value: -2.3154242489093075
Iter 11 | Current best value: -2.3154242489093075
Iter 12 | Current best value: -2.3154242489093075
Iter 13 | Current best value: -2.3154242489093075
Iter 14 | Current best value: -2.3154242489093075
Iter 15 | Current best value: -2.3154242489093075
Iter 16 | Current best value: -2.3154242489093075
Iter 17 | Current best value: -2.3154242489093075
Iter 18 | Current best value: -2.437755383197672
Iter 19 | Current best value: -2.437755383197672
Iter 20 | Current best value: -2.437755383197672
Iter 21 | Current best value: -2.437755383197672
Iter 22 | Current best value: -2.437755383197672
Iter 23 | Current best value: -4.04148268279909
Iter 24 | Current best value: -4.04148268279909
Iter 25 | Current best value: -4.04148268279909
Iter 26 | Current best value: -4.04148268279909
Iter 27 | Current best value: -4.04148268279909
Iter 28 | Current best value: -4.04148268279909
Iter 29 | Current best value: -4.04148268279909
Iter 30 | Current best value: -4.04148268279909
Iter 31 | Current best value: -4.04148268279909
Iter 32 | Current best value: -4.04148268279909
Iter 33 | Current best value: -4.04148268279909
Iter 34 | Current best value: -4.04148268279909
Iter 35 | Current best value: -4.04148268279909
Iter 36 | Current best value: -4.176940699082154
Iter 37 | Current best value: -4.176940699082154
Iter 38 | Current best value: -4.176940699082154
Iter 39 | Current best value: -4.176940699082154
Iter 40 | Current best value: -4.176940699082154
Iter 41 | Current best value: -4.386888062018185
Iter 42 | Current best value: -4.386888062018185
Iter 43 | Current best value: -4.386888062018185
Iter 44 | Current best value: -4.386888062018185
Iter 45 | Current best value: -4.386888062018185
Iter 46 | Current best value: -4.386888062018185
Iter 47 | Current best value: -4.386888062018185
Iter 48 | Current best value: -4.386888062018185
Iter 49 | Current best value: -4.386888062018185
Running Joint Entropy Search (qJES)
Iter 0 | Current best value: -2.3154242489093075
Iter 1 | Current best value: -2.3154242489093075
Iter 2 | Current best value: -2.3154242489093075
Iter 3 | Current best value: -2.3154242489093075
Iter 4 | Current best value: -2.3154242489093075
Iter 5 | Current best value: -2.3154242489093075
Iter 6 | Current best value: -2.3154242489093075
Iter 7 | Current best value: -2.3154242489093075
Iter 8 | Current best value: -2.3154242489093075
Iter 9 | Current best value: -2.3154242489093075
Iter 10 | Current best value: -2.3154242489093075
Iter 11 | Current best value: -2.3154242489093075
Iter 12 | Current best value: -2.3154242489093075
Iter 13 | Current best value: -2.3154242489093075
Iter 14 | Current best value: -2.3154242489093075
Iter 15 | Current best value: -2.3154242489093075
Iter 16 | Current best value: -2.3154242489093075
Iter 17 | Current best value: -2.3154242489093075
Iter 18 | Current best value: -2.3154242489093075
Iter 19 | Current best value: -2.3154242489093075
Iter 20 | Current best value: -2.3154242489093075
Iter 21 | Current best value: -2.3154242489093075
Iter 22 | Current best value: -2.3154242489093075
Iter 23 | Current best value: -2.3154242489093075
Iter 24 | Current best value: -2.3154242489093075
Iter 25 | Current best value: -2.3154242489093075
Iter 26 | Current best value: -2.3154242489093075
Iter 27 | Current best value: -2.3154242489093075
Iter 28 | Current best value: -2.3154242489093075
Iter 29 | Current best value: -2.3154242489093075
Iter 30 | Current best value: -2.3154242489093075
Iter 31 | Current best value: -2.3154242489093075
Iter 32 | Current best value: -2.3154242489093075
Iter 33 | Current best value: -2.3154242489093075
Iter 34 | Current best value: -2.3154242489093075
Iter 35 | Current best value: -2.3154242489093075
Iter 36 | Current best value: -2.3154242489093075
Iter 37 | Current best value: -2.3154242489093075
Iter 38 | Current best value: -2.3154242489093075
Iter 39 | Current best value: -2.3154242489093075
Iter 40 | Current best value: -2.3154242489093075
Iter 41 | Current best value: -2.3154242489093075
Iter 42 | Current best value: -2.3154242489093075
Iter 43 | Current best value: -2.3154242489093075
Iter 44 | Current best value: -2.3154242489093075
Iter 45 | Current best value: -2.3154242489093075
Iter 46 | Current best value: -2.3154242489093075
Iter 47 | Current best value: -2.3154242489093075
Iter 48 | Current best value: -2.3154242489093075
Iter 49 | Current best value: -2.3154242489093075
